x-axis,1,4
second,Volt,Volt
+7.4900E-06,+26.3875007629E+00,-250.0000000E-03
+7.5000E-06,+26.3718757629E+00,-93.7500000E-03
+7.5100E-06,+26.3875007629E+00,-250.0000000E-03
+7.5200E-06,+26.3875007629E+00,-250.0000000E-03
+7.5300E-06,+26.3875007629E+00,-93.7500000E-03
+7.5400E-06,+26.3718757629E+00,-93.7500000E-03
+7.5500E-06,+26.3875007629E+00,-250.0000000E-03
+7.5600E-06,+26.3718757629E+00,-250.0000000E-03
+7.5700E-06,+26.3875007629E+00,-93.7500000E-03
+7.5800E-06,+26.3875007629E+00,-93.7500000E-03
+7.5900E-06,+26.4031257629E+00,-93.7500000E-03
+7.6000E-06,+26.3718757629E+00,+62.5000000E-03
+7.6100E-06,+26.3875007629E+00,-250.0000000E-03
+7.6200E-06,+26.3875007629E+00,-93.7500000E-03
+7.6300E-06,+26.3718757629E+00,-93.7500000E-03
+7.6400E-06,+26.3718757629E+00,-93.7500000E-03
+7.6500E-06,+26.3875007629E+00,-93.7500000E-03
+7.6600E-06,+26.3718757629E+00,-93.7500000E-03
+7.6700E-06,+26.3875007629E+00,-93.7500000E-03
+7.6800E-06,+26.3718757629E+00,-93.7500000E-03
+7.6900E-06,+26.3718757629E+00,-250.0000000E-03
+7.7000E-06,+26.3718757629E+00,-250.0000000E-03
+7.7100E-06,+26.3875007629E+00,-93.7500000E-03
+7.7200E-06,+26.3718757629E+00,-93.7500000E-03
+7.7300E-06,+26.3718757629E+00,-93.7500000E-03
+7.7400E-06,+26.3718757629E+00,-93.7500000E-03
+7.7500E-06,+26.4031257629E+00,-93.7500000E-03
+7.7600E-06,+26.3718757629E+00,-93.7500000E-03
+7.7700E-06,+26.3875007629E+00,-93.7500000E-03
+7.7800E-06,+26.3718757629E+00,-93.7500000E-03
+7.7900E-06,+26.3718757629E+00,-93.7500000E-03
+7.8000E-06,+26.3718757629E+00,-93.7500000E-03
+7.8100E-06,+26.3875007629E+00,-93.7500000E-03
+7.8200E-06,+26.3875007629E+00,-250.0000000E-03
+7.8300E-06,+26.4031257629E+00,-93.7500000E-03
+7.8400E-06,+26.3718757629E+00,-93.7500000E-03
+7.8500E-06,+26.3875007629E+00,+62.5000000E-03
+7.8600E-06,+26.3718757629E+00,-93.7500000E-03
+7.8700E-06,+26.3875007629E+00,-93.7500000E-03
+7.8800E-06,+26.3875007629E+00,-93.7500000E-03
+7.8900E-06,+26.3875007629E+00,-93.7500000E-03
+7.9000E-06,+26.3718757629E+00,-93.7500000E-03
+7.9100E-06,+26.3875007629E+00,-93.7500000E-03
+7.9200E-06,+26.3718757629E+00,-93.7500000E-03
+7.9300E-06,+26.3875007629E+00,-93.7500000E-03
+7.9400E-06,+26.3718757629E+00,-93.7500000E-03
+7.9500E-06,+26.3875007629E+00,-93.7500000E-03
+7.9600E-06,+26.3875007629E+00,-93.7500000E-03
+7.9700E-06,+26.3718757629E+00,-93.7500000E-03
+7.9800E-06,+26.3718757629E+00,-250.0000000E-03
+7.9900E-06,+26.4031257629E+00,-93.7500000E-03
+8.0000E-06,+26.3718757629E+00,-93.7500000E-03
+8.0100E-06,+26.3718757629E+00,-93.7500000E-03
+8.0200E-06,+26.3718757629E+00,-250.0000000E-03
+8.0300E-06,+26.3718757629E+00,-93.7500000E-03
+8.0400E-06,+26.3718757629E+00,-250.0000000E-03
+8.0500E-06,+26.3875007629E+00,-250.0000000E-03
+8.0600E-06,+26.3718757629E+00,-93.7500000E-03
+8.0700E-06,+26.3875007629E+00,-93.7500000E-03
+8.0800E-06,+26.3562507629E+00,-93.7500000E-03
+8.0900E-06,+26.3875007629E+00,-93.7500000E-03
+8.1000E-06,+26.3718757629E+00,-93.7500000E-03
+8.1100E-06,+26.3875007629E+00,-93.7500000E-03
+8.1200E-06,+26.3875007629E+00,+62.5000000E-03
+8.1300E-06,+26.3875007629E+00,-250.0000000E-03
+8.1400E-06,+26.3718757629E+00,-93.7500000E-03
+8.1500E-06,+26.3875007629E+00,-93.7500000E-03
+8.1600E-06,+26.3562507629E+00,-93.7500000E-03
+8.1700E-06,+26.3875007629E+00,-93.7500000E-03
+8.1800E-06,+26.3718757629E+00,-93.7500000E-03
+8.1900E-06,+26.3875007629E+00,-93.7500000E-03
+8.2000E-06,+26.3718757629E+00,-250.0000000E-03
+8.2100E-06,+26.3875007629E+00,-93.7500000E-03
+8.2200E-06,+26.3718757629E+00,-250.0000000E-03
+8.2300E-06,+26.3875007629E+00,-250.0000000E-03
+8.2400E-06,+26.3718757629E+00,-93.7500000E-03
+8.2500E-06,+26.3718757629E+00,-93.7500000E-03
+8.2600E-06,+26.3718757629E+00,-93.7500000E-03
+8.2700E-06,+26.3718757629E+00,-93.7500000E-03
+8.2800E-06,+26.3718757629E+00,+62.5000000E-03
+8.2900E-06,+26.3718757629E+00,-93.7500000E-03
+8.3000E-06,+26.3718757629E+00,+531.2500000E-03
+8.3100E-06,+26.3562507629E+00,+2.4062500000E+00
+8.3200E-06,+26.3562507629E+00,+3.8125000000E+00
+8.3300E-06,+26.3875007629E+00,+4.5937500000E+00
+8.3400E-06,+26.3875007629E+00,+4.9062500000E+00
+8.3500E-06,+26.3875007629E+00,+4.7500000000E+00
+8.3600E-06,+26.3562507629E+00,+4.7500000000E+00
+8.3700E-06,+26.3718757629E+00,+4.7500000000E+00
+8.3800E-06,+26.3562507629E+00,+4.9062500000E+00
+8.3900E-06,+26.3718757629E+00,+4.7500000000E+00
+8.4000E-06,+26.3562507629E+00,+4.5937500000E+00
+8.4100E-06,+26.3718757629E+00,+4.7500000000E+00
+8.4200E-06,+26.3562507629E+00,+4.9062500000E+00
+8.4300E-06,+26.3875007629E+00,+4.9062500000E+00
+8.4400E-06,+26.3562507629E+00,+4.7500000000E+00
+8.4500E-06,+26.3718757629E+00,+4.7500000000E+00
+8.4600E-06,+26.3718757629E+00,+4.9062500000E+00
+8.4700E-06,+26.3718757629E+00,+4.7500000000E+00
+8.4800E-06,+26.3562507629E+00,+4.7500000000E+00
+8.4900E-06,+26.3718757629E+00,+4.7500000000E+00
+8.5000E-06,+26.3562507629E+00,+4.9062500000E+00
+8.5100E-06,+26.3718757629E+00,+4.7500000000E+00
+8.5200E-06,+26.3718757629E+00,+4.7500000000E+00
+8.5300E-06,+26.3718757629E+00,+4.7500000000E+00
+8.5400E-06,+26.3718757629E+00,+4.7500000000E+00
+8.5500E-06,+26.3718757629E+00,+4.7500000000E+00
+8.5600E-06,+26.3718757629E+00,+4.7500000000E+00
+8.5700E-06,+26.3718757629E+00,+4.9062500000E+00
+8.5800E-06,+26.3562507629E+00,+4.7500000000E+00
+8.5900E-06,+26.3718757629E+00,+4.9062500000E+00
+8.6000E-06,+26.3718757629E+00,+4.7500000000E+00
+8.6100E-06,+26.3718757629E+00,+4.7500000000E+00
+8.6200E-06,+26.3875007629E+00,+4.7500000000E+00
+8.6300E-06,+26.3718757629E+00,+4.9062500000E+00
+8.6400E-06,+26.3718757629E+00,+4.7500000000E+00
+8.6500E-06,+26.3875007629E+00,+4.7500000000E+00
+8.6600E-06,+26.3718757629E+00,+4.9062500000E+00
+8.6700E-06,+26.3875007629E+00,+4.7500000000E+00
+8.6800E-06,+26.3562507629E+00,+4.7500000000E+00
+8.6900E-06,+26.3718757629E+00,+4.9062500000E+00
+8.7000E-06,+26.3718757629E+00,+4.9062500000E+00
+8.7100E-06,+26.3875007629E+00,+4.7500000000E+00
+8.7200E-06,+26.3718757629E+00,+4.7500000000E+00
+8.7300E-06,+26.3718757629E+00,+4.9062500000E+00
+8.7400E-06,+26.3718757629E+00,+4.9062500000E+00
+8.7500E-06,+26.4031257629E+00,+4.7500000000E+00
+8.7600E-06,+26.3718757629E+00,+4.7500000000E+00
+8.7700E-06,+26.3718757629E+00,+4.7500000000E+00
+8.7800E-06,+26.3718757629E+00,+4.7500000000E+00
+8.7900E-06,+26.4031257629E+00,+4.9062500000E+00
+8.8000E-06,+26.3875007629E+00,+4.7500000000E+00
+8.8100E-06,+26.3718757629E+00,+4.7500000000E+00
+8.8200E-06,+26.3718757629E+00,+4.9062500000E+00
+8.8300E-06,+26.3718757629E+00,+4.7500000000E+00
+8.8400E-06,+26.3718757629E+00,+4.7500000000E+00
+8.8500E-06,+26.3875007629E+00,+4.7500000000E+00
+8.8600E-06,+26.3718757629E+00,+4.7500000000E+00
+8.8700E-06,+26.3875007629E+00,+4.7500000000E+00
+8.8800E-06,+26.3718757629E+00,+4.7500000000E+00
+8.8900E-06,+26.3718757629E+00,+4.7500000000E+00
+8.9000E-06,+26.3718757629E+00,+4.9062500000E+00
+8.9100E-06,+26.3875007629E+00,+4.7500000000E+00
+8.9200E-06,+26.3718757629E+00,+4.7500000000E+00
+8.9300E-06,+26.3718757629E+00,+4.7500000000E+00
+8.9400E-06,+26.3718757629E+00,+4.9062500000E+00
+8.9500E-06,+26.3875007629E+00,+4.7500000000E+00
+8.9600E-06,+26.3718757629E+00,+4.7500000000E+00
+8.9700E-06,+26.3718757629E+00,+4.7500000000E+00
+8.9800E-06,+26.3718757629E+00,+4.7500000000E+00
+8.9900E-06,+26.3718757629E+00,+4.7500000000E+00
+9.0000E-06,+26.3718757629E+00,+4.7500000000E+00
+9.0100E-06,+26.3718757629E+00,+4.9062500000E+00
+9.0200E-06,+26.3718757629E+00,+5.0625000000E+00
+9.0300E-06,+26.3875007629E+00,+4.7500000000E+00
+9.0400E-06,+26.3875007629E+00,+4.7500000000E+00
+9.0500E-06,+26.3718757629E+00,+4.7500000000E+00
+9.0600E-06,+26.3718757629E+00,+4.7500000000E+00
+9.0700E-06,+26.3718757629E+00,+4.7500000000E+00
+9.0800E-06,+26.3718757629E+00,+4.7500000000E+00
+9.0900E-06,+26.3718757629E+00,+4.7500000000E+00
+9.1000E-06,+26.3718757629E+00,+4.9062500000E+00
+9.1100E-06,+26.3718757629E+00,+4.7500000000E+00
+9.1200E-06,+26.3718757629E+00,+4.7500000000E+00
+9.1300E-06,+26.3718757629E+00,+4.7500000000E+00
+9.1400E-06,+26.3718757629E+00,+4.9062500000E+00
+9.1500E-06,+26.3718757629E+00,+4.7500000000E+00
+9.1600E-06,+26.3562507629E+00,+4.7500000000E+00
+9.1700E-06,+26.3718757629E+00,+4.7500000000E+00
+9.1800E-06,+26.3718757629E+00,+4.7500000000E+00
+9.1900E-06,+26.3718757629E+00,+4.7500000000E+00
+9.2000E-06,+26.3875007629E+00,+4.7500000000E+00
+9.2100E-06,+26.3718757629E+00,+4.7500000000E+00
+9.2200E-06,+26.3562507629E+00,+4.9062500000E+00
+9.2300E-06,+26.3562507629E+00,+4.9062500000E+00
+9.2400E-06,+26.3562507629E+00,+4.7500000000E+00
+9.2500E-06,+26.3718757629E+00,+4.7500000000E+00
+9.2600E-06,+26.3718757629E+00,+4.9062500000E+00
+9.2700E-06,+26.3718757629E+00,+4.7500000000E+00
+9.2800E-06,+26.3718757629E+00,+4.7500000000E+00
+9.2900E-06,+26.3718757629E+00,+4.7500000000E+00
+9.3000E-06,+26.3718757629E+00,+4.9062500000E+00
+9.3100E-06,+26.3718757629E+00,+4.7500000000E+00
+9.3200E-06,+26.3562507629E+00,+4.7500000000E+00
+9.3300E-06,+26.3875007629E+00,+4.7500000000E+00
+9.3400E-06,+26.3718757629E+00,+4.9062500000E+00
+9.3500E-06,+26.3718757629E+00,+4.7500000000E+00
+9.3600E-06,+26.3875007629E+00,+4.7500000000E+00
+9.3700E-06,+26.6062507629E+00,+4.7500000000E+00
+9.3800E-06,+26.9031257629E+00,+4.7500000000E+00
+9.3900E-06,+26.9500007629E+00,+4.7500000000E+00
+9.4000E-06,+27.0281257629E+00,+4.7500000000E+00
+9.4100E-06,+27.0281257629E+00,+4.7500000000E+00
+9.4200E-06,+27.0437507629E+00,+4.9062500000E+00
+9.4300E-06,+27.0750007629E+00,+4.7500000000E+00
+9.4400E-06,+27.0750007629E+00,+4.7500000000E+00
+9.4500E-06,+27.0750007629E+00,+4.7500000000E+00
+9.4600E-06,+27.0906257629E+00,+4.9062500000E+00
+9.4700E-06,+27.0906257629E+00,+4.9062500000E+00
+9.4800E-06,+27.0906257629E+00,+4.7500000000E+00
+9.4900E-06,+27.1062507629E+00,+4.7500000000E+00
+9.5000E-06,+27.0906257629E+00,+4.9062500000E+00
+9.5100E-06,+27.0906257629E+00,+4.7500000000E+00
+9.5200E-06,+27.1062507629E+00,+4.7500000000E+00
+9.5300E-06,+27.0906257629E+00,+4.9062500000E+00
+9.5400E-06,+27.1062507629E+00,+4.9062500000E+00
+9.5500E-06,+27.1062507629E+00,+4.5937500000E+00
+9.5600E-06,+27.1062507629E+00,+4.7500000000E+00
+9.5700E-06,+27.1062507629E+00,+4.7500000000E+00
+9.5800E-06,+27.0906257629E+00,+4.9062500000E+00
+9.5900E-06,+27.1062507629E+00,+4.7500000000E+00
+9.6000E-06,+27.1062507629E+00,+4.7500000000E+00
+9.6100E-06,+27.1062507629E+00,+4.9062500000E+00
+9.6200E-06,+27.1062507629E+00,+4.9062500000E+00
+9.6300E-06,+27.1062507629E+00,+4.9062500000E+00
+9.6400E-06,+27.1062507629E+00,+4.7500000000E+00
+9.6500E-06,+27.1062507629E+00,+4.7500000000E+00
+9.6600E-06,+27.1218757629E+00,+4.7500000000E+00
+9.6700E-06,+27.1062507629E+00,+4.9062500000E+00
+9.6800E-06,+27.1062507629E+00,+4.7500000000E+00
+9.6900E-06,+27.1062507629E+00,+4.7500000000E+00
+9.7000E-06,+27.0906257629E+00,+4.7500000000E+00
+9.7100E-06,+27.1062507629E+00,+4.7500000000E+00
+9.7200E-06,+27.1062507629E+00,+4.7500000000E+00
+9.7300E-06,+27.1218757629E+00,+4.7500000000E+00
+9.7400E-06,+27.1062507629E+00,+4.9062500000E+00
+9.7500E-06,+27.1062507629E+00,+4.7500000000E+00
+9.7600E-06,+27.1062507629E+00,+4.7500000000E+00
+9.7700E-06,+27.1062507629E+00,+4.7500000000E+00
+9.7800E-06,+27.0906257629E+00,+4.5937500000E+00
+9.7900E-06,+27.1062507629E+00,+4.7500000000E+00
+9.8000E-06,+27.1062507629E+00,+4.7500000000E+00
+9.8100E-06,+27.1062507629E+00,+4.7500000000E+00
+9.8200E-06,+27.0906257629E+00,+4.7500000000E+00
+9.8300E-06,+27.1062507629E+00,+4.7500000000E+00
+9.8400E-06,+27.1062507629E+00,+4.7500000000E+00
+9.8500E-06,+27.1218757629E+00,+4.7500000000E+00
+9.8600E-06,+27.0906257629E+00,+4.9062500000E+00
+9.8700E-06,+27.1218757629E+00,+4.7500000000E+00
+9.8800E-06,+27.1062507629E+00,+4.7500000000E+00
+9.8900E-06,+27.1062507629E+00,+4.7500000000E+00
+9.9000E-06,+27.1062507629E+00,+4.9062500000E+00
+9.9100E-06,+27.1062507629E+00,+4.7500000000E+00
+9.9200E-06,+27.0906257629E+00,+4.7500000000E+00
+9.9300E-06,+27.0906257629E+00,+4.7500000000E+00
+9.9400E-06,+27.1062507629E+00,+4.7500000000E+00
+9.9500E-06,+27.1062507629E+00,+4.9062500000E+00
+9.9600E-06,+27.1062507629E+00,+4.7500000000E+00
+9.9700E-06,+27.1062507629E+00,+4.9062500000E+00
+9.9800E-06,+27.0906257629E+00,+4.7500000000E+00
+9.9900E-06,+27.0906257629E+00,+4.7500000000E+00
+10.0000E-06,+27.1062507629E+00,+4.7500000000E+00
+10.0100E-06,+27.1062507629E+00,+4.7500000000E+00
+10.0200E-06,+27.0750007629E+00,+4.7500000000E+00
+10.0300E-06,+27.1062507629E+00,+4.7500000000E+00
+10.0400E-06,+27.1062507629E+00,+4.7500000000E+00
+10.0500E-06,+27.0906257629E+00,+4.9062500000E+00
+10.0600E-06,+27.0906257629E+00,+4.7500000000E+00
+10.0700E-06,+27.1062507629E+00,+4.7500000000E+00
+10.0800E-06,+27.0906257629E+00,+4.7500000000E+00
+10.0900E-06,+27.0906257629E+00,+4.7500000000E+00
+10.1000E-06,+27.0906257629E+00,+4.7500000000E+00
+10.1100E-06,+27.1062507629E+00,+4.7500000000E+00
+10.1200E-06,+27.0906257629E+00,+4.7500000000E+00
+10.1300E-06,+27.0750007629E+00,+4.7500000000E+00
+10.1400E-06,+27.0750007629E+00,+4.9062500000E+00
+10.1500E-06,+27.0906257629E+00,+4.7500000000E+00
+10.1600E-06,+27.0750007629E+00,+4.7500000000E+00
+10.1700E-06,+27.1062507629E+00,+4.7500000000E+00
+10.1800E-06,+27.0750007629E+00,+4.7500000000E+00
+10.1900E-06,+27.0906257629E+00,+4.7500000000E+00
+10.2000E-06,+27.0750007629E+00,+4.5937500000E+00
+10.2100E-06,+27.0750007629E+00,+4.7500000000E+00
+10.2200E-06,+27.0593757629E+00,+4.9062500000E+00
+10.2300E-06,+27.0750007629E+00,+4.7500000000E+00
+10.2400E-06,+27.0906257629E+00,+4.7500000000E+00
+10.2500E-06,+27.0750007629E+00,+4.7500000000E+00
+10.2600E-06,+27.0750007629E+00,+4.7500000000E+00
+10.2700E-06,+27.0750007629E+00,+4.7500000000E+00
+10.2800E-06,+27.0750007629E+00,+4.7500000000E+00
+10.2900E-06,+27.0593757629E+00,+4.7500000000E+00
+10.3000E-06,+27.0750007629E+00,+4.7500000000E+00
+10.3100E-06,+27.0750007629E+00,+4.7500000000E+00
+10.3200E-06,+27.0593757629E+00,+4.7500000000E+00
+10.3300E-06,+27.0593757629E+00,+4.7500000000E+00
+10.3400E-06,+27.0437507629E+00,+4.7500000000E+00
+10.3500E-06,+27.0593757629E+00,+4.7500000000E+00
+10.3600E-06,+27.0750007629E+00,+4.7500000000E+00
+10.3700E-06,+27.0437507629E+00,+4.7500000000E+00
+10.3800E-06,+27.0437507629E+00,+4.7500000000E+00
+10.3900E-06,+27.0593757629E+00,+4.7500000000E+00
+10.4000E-06,+27.0593757629E+00,+4.7500000000E+00
+10.4100E-06,+27.0750007629E+00,+4.7500000000E+00
+10.4200E-06,+27.0437507629E+00,+4.7500000000E+00
+10.4300E-06,+27.0593757629E+00,+4.7500000000E+00
+10.4400E-06,+27.0437507629E+00,+4.7500000000E+00
+10.4500E-06,+27.0437507629E+00,+4.7500000000E+00
+10.4600E-06,+27.0437507629E+00,+4.9062500000E+00
+10.4700E-06,+27.0593757629E+00,+4.7500000000E+00
+10.4800E-06,+27.0593757629E+00,+4.7500000000E+00
+10.4900E-06,+27.0437507629E+00,+4.7500000000E+00
+10.5000E-06,+27.0437507629E+00,+4.5937500000E+00
+10.5100E-06,+27.0593757629E+00,+4.7500000000E+00
+10.5200E-06,+27.0593757629E+00,+4.7500000000E+00
+10.5300E-06,+27.0437507629E+00,+4.9062500000E+00
+10.5400E-06,+27.0437507629E+00,+4.7500000000E+00
+10.5500E-06,+27.0437507629E+00,+4.7500000000E+00
+10.5600E-06,+27.0437507629E+00,+4.7500000000E+00
+10.5700E-06,+27.0437507629E+00,+4.9062500000E+00
+10.5800E-06,+27.0281257629E+00,+4.7500000000E+00
+10.5900E-06,+27.0437507629E+00,+4.7500000000E+00
+10.6000E-06,+27.0437507629E+00,+4.7500000000E+00
+10.6100E-06,+27.0281257629E+00,+4.7500000000E+00
+10.6200E-06,+27.0437507629E+00,+4.9062500000E+00
+10.6300E-06,+27.0281257629E+00,+4.7500000000E+00
+10.6400E-06,+27.0437507629E+00,+4.7500000000E+00
+10.6500E-06,+27.0281257629E+00,+4.7500000000E+00
+10.6600E-06,+27.0281257629E+00,+4.9062500000E+00
+10.6700E-06,+27.0437507629E+00,+4.7500000000E+00
+10.6800E-06,+27.0281257629E+00,+4.9062500000E+00
+10.6900E-06,+27.0281257629E+00,+4.7500000000E+00
+10.7000E-06,+27.0281257629E+00,+4.9062500000E+00
+10.7100E-06,+27.0281257629E+00,+4.7500000000E+00
+10.7200E-06,+27.0281257629E+00,+4.7500000000E+00
+10.7300E-06,+27.0281257629E+00,+4.5937500000E+00
+10.7400E-06,+27.0125007629E+00,+4.7500000000E+00
+10.7500E-06,+27.0437507629E+00,+4.7500000000E+00
+10.7600E-06,+27.0281257629E+00,+4.7500000000E+00
+10.7700E-06,+27.0281257629E+00,+4.7500000000E+00
+10.7800E-06,+27.0125007629E+00,+4.7500000000E+00
+10.7900E-06,+27.0281257629E+00,+4.7500000000E+00
+10.8000E-06,+27.0125007629E+00,+4.7500000000E+00
+10.8100E-06,+27.0125007629E+00,+4.7500000000E+00
+10.8200E-06,+27.0125007629E+00,+4.9062500000E+00
+10.8300E-06,+27.0125007629E+00,+4.7500000000E+00
+10.8400E-06,+26.9968757629E+00,+4.5937500000E+00
+10.8500E-06,+26.9968757629E+00,+4.7500000000E+00
+10.8600E-06,+27.0125007629E+00,+4.9062500000E+00
+10.8700E-06,+27.0281257629E+00,+4.5937500000E+00
+10.8800E-06,+27.0125007629E+00,+4.7500000000E+00
+10.8900E-06,+27.0125007629E+00,+4.7500000000E+00
+10.9000E-06,+26.9968757629E+00,+4.9062500000E+00
+10.9100E-06,+27.0125007629E+00,+4.7500000000E+00
+10.9200E-06,+27.0125007629E+00,+4.7500000000E+00
+10.9300E-06,+26.9968757629E+00,+4.7500000000E+00
+10.9400E-06,+26.9968757629E+00,+4.7500000000E+00
+10.9500E-06,+26.9968757629E+00,+4.7500000000E+00
+10.9600E-06,+26.9968757629E+00,+4.7500000000E+00
+10.9700E-06,+26.9812507629E+00,+4.9062500000E+00
+10.9800E-06,+26.9968757629E+00,+4.7500000000E+00
+10.9900E-06,+27.0125007629E+00,+4.7500000000E+00
+11.0000E-06,+26.9968757629E+00,+4.7500000000E+00
+11.0100E-06,+26.9812507629E+00,+4.9062500000E+00
+11.0200E-06,+26.9968757629E+00,+4.7500000000E+00
+11.0300E-06,+26.9968757629E+00,+4.7500000000E+00
+11.0400E-06,+26.9968757629E+00,+4.7500000000E+00
+11.0500E-06,+26.9812507629E+00,+4.7500000000E+00
+11.0600E-06,+26.9812507629E+00,+4.7500000000E+00
+11.0700E-06,+26.9968757629E+00,+4.7500000000E+00
+11.0800E-06,+26.9812507629E+00,+4.7500000000E+00
+11.0900E-06,+26.9812507629E+00,+4.7500000000E+00
+11.1000E-06,+26.9656257629E+00,+4.7500000000E+00
+11.1100E-06,+26.9812507629E+00,+4.7500000000E+00
+11.1200E-06,+26.9812507629E+00,+4.7500000000E+00
+11.1300E-06,+26.9656257629E+00,+4.7500000000E+00
+11.1400E-06,+26.9656257629E+00,+4.9062500000E+00
+11.1500E-06,+26.9812507629E+00,+4.7500000000E+00
+11.1600E-06,+26.9812507629E+00,+4.7500000000E+00
+11.1700E-06,+26.9656257629E+00,+4.7500000000E+00
+11.1800E-06,+26.9656257629E+00,+4.5937500000E+00
+11.1900E-06,+26.9812507629E+00,+4.7500000000E+00
+11.2000E-06,+26.9656257629E+00,+4.7500000000E+00
+11.2100E-06,+26.9656257629E+00,+4.7500000000E+00
+11.2200E-06,+26.9656257629E+00,+4.7500000000E+00
+11.2300E-06,+26.9812507629E+00,+4.7500000000E+00
+11.2400E-06,+26.9500007629E+00,+4.7500000000E+00
+11.2500E-06,+26.9656257629E+00,+4.7500000000E+00
+11.2600E-06,+26.9500007629E+00,+4.7500000000E+00
+11.2700E-06,+26.9656257629E+00,+4.7500000000E+00
+11.2800E-06,+26.9500007629E+00,+4.7500000000E+00
+11.2900E-06,+26.9656257629E+00,+4.7500000000E+00
+11.3000E-06,+26.9500007629E+00,+4.9062500000E+00
+11.3100E-06,+26.9500007629E+00,+4.7500000000E+00
+11.3200E-06,+26.9500007629E+00,+4.7500000000E+00
+11.3300E-06,+26.9500007629E+00,+4.7500000000E+00
+11.3400E-06,+26.9500007629E+00,+4.7500000000E+00
+11.3500E-06,+26.9500007629E+00,+4.7500000000E+00
+11.3600E-06,+26.9343757629E+00,+4.7500000000E+00
+11.3700E-06,+26.9343757629E+00,+4.7500000000E+00
+11.3800E-06,+26.9343757629E+00,+4.5937500000E+00
+11.3900E-06,+26.9500007629E+00,+4.7500000000E+00
+11.4000E-06,+26.9500007629E+00,+4.7500000000E+00
+11.4100E-06,+26.9500007629E+00,+4.7500000000E+00
+11.4200E-06,+26.9343757629E+00,+4.7500000000E+00
+11.4300E-06,+26.9343757629E+00,+4.7500000000E+00
+11.4400E-06,+26.9343757629E+00,+4.7500000000E+00
+11.4500E-06,+26.9343757629E+00,+4.7500000000E+00
+11.4600E-06,+26.9343757629E+00,+4.7500000000E+00
+11.4700E-06,+26.9343757629E+00,+4.7500000000E+00
+11.4800E-06,+26.9187507629E+00,+4.7500000000E+00
+11.4900E-06,+26.9187507629E+00,+4.7500000000E+00
+11.5000E-06,+26.9187507629E+00,+4.7500000000E+00
+11.5100E-06,+26.9343757629E+00,+4.7500000000E+00
+11.5200E-06,+26.9343757629E+00,+4.7500000000E+00
+11.5300E-06,+26.9031257629E+00,+4.7500000000E+00
+11.5400E-06,+26.9031257629E+00,+4.7500000000E+00
+11.5500E-06,+26.9343757629E+00,+4.7500000000E+00
+11.5600E-06,+26.9187507629E+00,+4.9062500000E+00
+11.5700E-06,+26.9031257629E+00,+4.7500000000E+00
+11.5800E-06,+26.9031257629E+00,+4.7500000000E+00
+11.5900E-06,+26.9187507629E+00,+4.7500000000E+00
+11.6000E-06,+26.9187507629E+00,+4.7500000000E+00
+11.6100E-06,+26.9031257629E+00,+4.7500000000E+00
+11.6200E-06,+26.9031257629E+00,+4.7500000000E+00
+11.6300E-06,+26.9187507629E+00,+4.7500000000E+00
+11.6400E-06,+26.8875007629E+00,+4.7500000000E+00
+11.6500E-06,+26.9031257629E+00,+4.9062500000E+00
+11.6600E-06,+26.8875007629E+00,+4.7500000000E+00
+11.6700E-06,+26.9031257629E+00,+4.7500000000E+00
+11.6800E-06,+26.9031257629E+00,+4.7500000000E+00
+11.6900E-06,+26.8875007629E+00,+4.7500000000E+00
+11.7000E-06,+26.9031257629E+00,+4.7500000000E+00
+11.7100E-06,+26.9031257629E+00,+4.7500000000E+00
+11.7200E-06,+26.8875007629E+00,+4.5937500000E+00
+11.7300E-06,+26.9031257629E+00,+4.7500000000E+00
+11.7400E-06,+26.9031257629E+00,+4.7500000000E+00
+11.7500E-06,+26.9031257629E+00,+4.7500000000E+00
+11.7600E-06,+26.8875007629E+00,+4.7500000000E+00
+11.7700E-06,+26.8875007629E+00,+4.7500000000E+00
+11.7800E-06,+26.8718757629E+00,+4.9062500000E+00
+11.7900E-06,+26.8875007629E+00,+4.7500000000E+00
+11.8000E-06,+26.8718757629E+00,+4.7500000000E+00
+11.8100E-06,+26.8718757629E+00,+4.7500000000E+00
+11.8200E-06,+26.8718757629E+00,+4.9062500000E+00
+11.8300E-06,+26.9031257629E+00,+4.7500000000E+00
+11.8400E-06,+26.8718757629E+00,+4.7500000000E+00
+11.8500E-06,+26.8718757629E+00,+4.9062500000E+00
+11.8600E-06,+26.8718757629E+00,+4.7500000000E+00
+11.8700E-06,+26.8875007629E+00,+4.7500000000E+00
+11.8800E-06,+26.8718757629E+00,+4.7500000000E+00
+11.8900E-06,+26.8562507629E+00,+4.7500000000E+00
+11.9000E-06,+26.8718757629E+00,+4.7500000000E+00
+11.9100E-06,+26.8718757629E+00,+4.7500000000E+00
+11.9200E-06,+26.8562507629E+00,+4.7500000000E+00
+11.9300E-06,+26.8562507629E+00,+4.7500000000E+00
+11.9400E-06,+26.8718757629E+00,+4.7500000000E+00
+11.9500E-06,+26.8718757629E+00,+4.7500000000E+00
+11.9600E-06,+26.8562507629E+00,+4.7500000000E+00
+11.9700E-06,+26.8562507629E+00,+4.7500000000E+00
+11.9800E-06,+26.8562507629E+00,+4.9062500000E+00
+11.9900E-06,+26.8562507629E+00,+4.7500000000E+00
+12.0000E-06,+26.8562507629E+00,+4.5937500000E+00
+12.0100E-06,+26.8562507629E+00,+4.7500000000E+00
+12.0200E-06,+26.8562507629E+00,+4.7500000000E+00
+12.0300E-06,+26.8562507629E+00,+4.9062500000E+00
+12.0400E-06,+26.8562507629E+00,+4.7500000000E+00
+12.0500E-06,+26.8406257629E+00,+4.9062500000E+00
+12.0600E-06,+26.8562507629E+00,+4.7500000000E+00
+12.0700E-06,+26.8406257629E+00,+4.7500000000E+00
+12.0800E-06,+26.8406257629E+00,+4.7500000000E+00
+12.0900E-06,+26.8250007629E+00,+4.7500000000E+00
+12.1000E-06,+26.8406257629E+00,+4.9062500000E+00
+12.1100E-06,+26.8562507629E+00,+4.7500000000E+00
+12.1200E-06,+26.8562507629E+00,+4.7500000000E+00
+12.1300E-06,+26.8406257629E+00,+4.7500000000E+00
+12.1400E-06,+26.8406257629E+00,+4.9062500000E+00
+12.1500E-06,+26.8406257629E+00,+4.7500000000E+00
+12.1600E-06,+26.8250007629E+00,+4.5937500000E+00
+12.1700E-06,+26.8250007629E+00,+4.7500000000E+00
+12.1800E-06,+26.8250007629E+00,+4.7500000000E+00
+12.1900E-06,+26.8406257629E+00,+4.7500000000E+00
+12.2000E-06,+26.8406257629E+00,+4.7500000000E+00
+12.2100E-06,+26.8250007629E+00,+4.7500000000E+00
+12.2200E-06,+26.8093757629E+00,+4.7500000000E+00
+12.2300E-06,+26.8250007629E+00,+4.7500000000E+00
+12.2400E-06,+26.8250007629E+00,+4.7500000000E+00
+12.2500E-06,+26.8093757629E+00,+4.7500000000E+00
+12.2600E-06,+26.8093757629E+00,+4.9062500000E+00
+12.2700E-06,+26.8250007629E+00,+4.7500000000E+00
+12.2800E-06,+26.8250007629E+00,+4.7500000000E+00
+12.2900E-06,+26.8093757629E+00,+4.7500000000E+00
+12.3000E-06,+26.8093757629E+00,+4.5937500000E+00
+12.3100E-06,+26.8093757629E+00,+4.7500000000E+00
+12.3200E-06,+26.8093757629E+00,+4.7500000000E+00
+12.3300E-06,+26.7937507629E+00,+4.7500000000E+00
+12.3400E-06,+26.8093757629E+00,+4.7500000000E+00
+12.3500E-06,+26.8093757629E+00,+4.7500000000E+00
+12.3600E-06,+26.8093757629E+00,+4.7500000000E+00
+12.3700E-06,+26.7937507629E+00,+4.9062500000E+00
+12.3800E-06,+26.7937507629E+00,+4.7500000000E+00
+12.3900E-06,+26.7937507629E+00,+4.7500000000E+00
+12.4000E-06,+26.7937507629E+00,+4.7500000000E+00
+12.4100E-06,+26.7781257629E+00,+4.7500000000E+00
+12.4200E-06,+26.7937507629E+00,+4.9062500000E+00
+12.4300E-06,+26.7937507629E+00,+4.7500000000E+00
+12.4400E-06,+26.7937507629E+00,+4.7500000000E+00
+12.4500E-06,+26.7937507629E+00,+4.7500000000E+00
+12.4600E-06,+26.7781257629E+00,+4.7500000000E+00
+12.4700E-06,+26.7781257629E+00,+4.7500000000E+00
+12.4800E-06,+26.7781257629E+00,+4.7500000000E+00
+12.4900E-06,+26.7781257629E+00,+4.7500000000E+00
+12.5000E-06,+26.7937507629E+00,+4.9062500000E+00
+12.5100E-06,+26.7781257629E+00,+4.7500000000E+00
+12.5200E-06,+26.7937507629E+00,+4.7500000000E+00
+12.5300E-06,+26.7625007629E+00,+4.7500000000E+00
+12.5400E-06,+26.7781257629E+00,+4.9062500000E+00
+12.5500E-06,+26.7781257629E+00,+4.7500000000E+00
+12.5600E-06,+26.7781257629E+00,+4.7500000000E+00
+12.5700E-06,+26.7625007629E+00,+4.7500000000E+00
+12.5800E-06,+26.7468757629E+00,+4.9062500000E+00
+12.5900E-06,+26.7781257629E+00,+4.7500000000E+00
+12.6000E-06,+26.7781257629E+00,+4.5937500000E+00
+12.6100E-06,+26.7625007629E+00,+4.7500000000E+00
+12.6200E-06,+26.7468757629E+00,+4.7500000000E+00
+12.6300E-06,+26.7625007629E+00,+4.7500000000E+00
+12.6400E-06,+26.7625007629E+00,+4.7500000000E+00
+12.6500E-06,+26.7468757629E+00,+4.7500000000E+00
+12.6600E-06,+26.7468757629E+00,+4.9062500000E+00
+12.6700E-06,+26.7625007629E+00,+4.7500000000E+00
+12.6800E-06,+26.7625007629E+00,+4.7500000000E+00
+12.6900E-06,+26.7468757629E+00,+4.7500000000E+00
+12.7000E-06,+26.7468757629E+00,+4.7500000000E+00
+12.7100E-06,+26.7468757629E+00,+4.7500000000E+00
+12.7200E-06,+26.7468757629E+00,+4.5937500000E+00
+12.7300E-06,+26.7468757629E+00,+4.7500000000E+00
+12.7400E-06,+26.7468757629E+00,+4.7500000000E+00
+12.7500E-06,+26.7468757629E+00,+4.7500000000E+00
+12.7600E-06,+26.7468757629E+00,+4.7500000000E+00
+12.7700E-06,+26.7312507629E+00,+4.7500000000E+00
+12.7800E-06,+26.7312507629E+00,+4.7500000000E+00
+12.7900E-06,+26.7312507629E+00,+4.7500000000E+00
+12.8000E-06,+26.7468757629E+00,+4.7500000000E+00
+12.8100E-06,+26.7312507629E+00,+4.7500000000E+00
+12.8200E-06,+26.7156257629E+00,+4.7500000000E+00
+12.8300E-06,+26.7468757629E+00,+4.7500000000E+00
+12.8400E-06,+26.7468757629E+00,+4.7500000000E+00
+12.8500E-06,+26.7156257629E+00,+4.9062500000E+00
+12.8600E-06,+26.7156257629E+00,+4.5937500000E+00
+12.8700E-06,+26.7312507629E+00,+4.7500000000E+00
+12.8800E-06,+26.7312507629E+00,+4.5937500000E+00
+12.8900E-06,+26.7156257629E+00,+4.9062500000E+00
+12.9000E-06,+26.7156257629E+00,+4.9062500000E+00
+12.9100E-06,+26.7312507629E+00,+4.9062500000E+00
+12.9200E-06,+26.7156257629E+00,+4.7500000000E+00
+12.9300E-06,+26.7000007629E+00,+4.7500000000E+00
+12.9400E-06,+26.7156257629E+00,+4.7500000000E+00
+12.9500E-06,+26.7156257629E+00,+4.7500000000E+00
+12.9600E-06,+26.7000007629E+00,+4.7500000000E+00
+12.9700E-06,+26.7000007629E+00,+4.7500000000E+00
+12.9800E-06,+26.7000007629E+00,+4.7500000000E+00
+12.9900E-06,+26.7156257629E+00,+4.7500000000E+00
+13.0000E-06,+26.7000007629E+00,+4.5937500000E+00
+13.0100E-06,+26.7000007629E+00,+4.7500000000E+00
+13.0200E-06,+26.7000007629E+00,+4.7500000000E+00
+13.0300E-06,+26.7000007629E+00,+4.7500000000E+00
+13.0400E-06,+26.7000007629E+00,+4.5937500000E+00
+13.0500E-06,+26.7000007629E+00,+4.7500000000E+00
+13.0600E-06,+26.7000007629E+00,+4.7500000000E+00
+13.0700E-06,+26.7000007629E+00,+4.7500000000E+00
+13.0800E-06,+26.7000007629E+00,+4.7500000000E+00
+13.0900E-06,+26.7000007629E+00,+4.7500000000E+00
+13.1000E-06,+26.6843757629E+00,+4.7500000000E+00
+13.1100E-06,+26.7000007629E+00,+4.7500000000E+00
+13.1200E-06,+26.6843757629E+00,+4.7500000000E+00
+13.1300E-06,+26.6843757629E+00,+4.9062500000E+00
+13.1400E-06,+26.6843757629E+00,+4.7500000000E+00
+13.1500E-06,+26.6843757629E+00,+4.7500000000E+00
+13.1600E-06,+26.6843757629E+00,+4.5937500000E+00
+13.1700E-06,+26.6687507629E+00,+4.7500000000E+00
+13.1800E-06,+26.6687507629E+00,+4.7500000000E+00
+13.1900E-06,+26.6843757629E+00,+4.7500000000E+00
+13.2000E-06,+26.6843757629E+00,+4.7500000000E+00
+13.2100E-06,+26.6687507629E+00,+4.7500000000E+00
+13.2200E-06,+26.6687507629E+00,+4.9062500000E+00
+13.2300E-06,+26.6687507629E+00,+4.7500000000E+00
+13.2400E-06,+26.6687507629E+00,+4.7500000000E+00
+13.2500E-06,+26.6687507629E+00,+4.7500000000E+00
+13.2600E-06,+26.6687507629E+00,+4.7500000000E+00
+13.2700E-06,+26.6687507629E+00,+4.7500000000E+00
+13.2800E-06,+26.6531257629E+00,+4.7500000000E+00
+13.2900E-06,+26.6531257629E+00,+4.7500000000E+00
+13.3000E-06,+26.6531257629E+00,+4.7500000000E+00
+13.3100E-06,+26.6531257629E+00,+4.7500000000E+00
+13.3200E-06,+26.6531257629E+00,+4.7500000000E+00
+13.3300E-06,+26.6531257629E+00,+4.7500000000E+00
+13.3400E-06,+26.6531257629E+00,+4.7500000000E+00
+13.3500E-06,+26.6531257629E+00,+4.7500000000E+00
+13.3600E-06,+26.6531257629E+00,+4.7500000000E+00
+13.3700E-06,+26.6375007629E+00,+4.7500000000E+00
+13.3800E-06,+26.6531257629E+00,+4.7500000000E+00
+13.3900E-06,+26.6531257629E+00,+4.7500000000E+00
+13.4000E-06,+26.6375007629E+00,+4.7500000000E+00
+13.4100E-06,+26.6531257629E+00,+4.7500000000E+00
+13.4200E-06,+26.6375007629E+00,+4.7500000000E+00
+13.4300E-06,+26.6375007629E+00,+4.7500000000E+00
+13.4400E-06,+26.6375007629E+00,+4.7500000000E+00
+13.4500E-06,+26.6218757629E+00,+4.7500000000E+00
+13.4600E-06,+26.6375007629E+00,+4.7500000000E+00
+13.4700E-06,+26.6375007629E+00,+4.7500000000E+00
+13.4800E-06,+26.6375007629E+00,+4.7500000000E+00
+13.4900E-06,+26.6375007629E+00,+4.7500000000E+00
+13.5000E-06,+26.6375007629E+00,+4.9062500000E+00
+13.5100E-06,+26.6218757629E+00,+4.5937500000E+00
+13.5200E-06,+26.6218757629E+00,+4.7500000000E+00
+13.5300E-06,+26.6375007629E+00,+4.7500000000E+00
+13.5400E-06,+26.6218757629E+00,+4.7500000000E+00
+13.5500E-06,+26.6062507629E+00,+4.7500000000E+00
+13.5600E-06,+26.6062507629E+00,+4.9062500000E+00
+13.5700E-06,+26.6218757629E+00,+4.7500000000E+00
+13.5800E-06,+26.6062507629E+00,+4.7500000000E+00
+13.5900E-06,+26.6218757629E+00,+4.7500000000E+00
+13.6000E-06,+26.6062507629E+00,+4.7500000000E+00
+13.6100E-06,+26.6062507629E+00,+4.7500000000E+00
+13.6200E-06,+26.5906257629E+00,+4.7500000000E+00
+13.6300E-06,+26.6218757629E+00,+4.7500000000E+00
+13.6400E-06,+26.6062507629E+00,+4.7500000000E+00
+13.6500E-06,+26.5906257629E+00,+4.7500000000E+00
+13.6600E-06,+26.6062507629E+00,+4.7500000000E+00
+13.6700E-06,+26.6062507629E+00,+4.7500000000E+00
+13.6800E-06,+26.5906257629E+00,+4.7500000000E+00
+13.6900E-06,+26.5906257629E+00,+4.7500000000E+00
+13.7000E-06,+26.5906257629E+00,+4.7500000000E+00
+13.7100E-06,+26.6062507629E+00,+4.7500000000E+00
+13.7200E-06,+26.5906257629E+00,+4.7500000000E+00
+13.7300E-06,+26.5750007629E+00,+4.7500000000E+00
+13.7400E-06,+26.5906257629E+00,+4.7500000000E+00
+13.7500E-06,+26.6062507629E+00,+4.7500000000E+00
+13.7600E-06,+26.5906257629E+00,+4.7500000000E+00
+13.7700E-06,+26.5750007629E+00,+4.7500000000E+00
+13.7800E-06,+26.5750007629E+00,+4.7500000000E+00
+13.7900E-06,+26.5750007629E+00,+4.7500000000E+00
+13.8000E-06,+26.5750007629E+00,+4.7500000000E+00
+13.8100E-06,+26.5906257629E+00,+4.7500000000E+00
+13.8200E-06,+26.5750007629E+00,+4.7500000000E+00
+13.8300E-06,+26.5750007629E+00,+4.7500000000E+00
+13.8400E-06,+26.5750007629E+00,+4.7500000000E+00
+13.8500E-06,+26.5593757629E+00,+4.7500000000E+00
+13.8600E-06,+26.5593757629E+00,+4.9062500000E+00
+13.8700E-06,+26.5593757629E+00,+4.7500000000E+00
+13.8800E-06,+26.5593757629E+00,+4.7500000000E+00
+13.8900E-06,+26.5750007629E+00,+4.7500000000E+00
+13.9000E-06,+26.5593757629E+00,+4.7500000000E+00
+13.9100E-06,+26.5750007629E+00,+4.7500000000E+00
+13.9200E-06,+26.5437507629E+00,+4.7500000000E+00
+13.9300E-06,+26.5593757629E+00,+4.7500000000E+00
+13.9400E-06,+26.5437507629E+00,+4.5937500000E+00
+13.9500E-06,+26.5593757629E+00,+4.7500000000E+00
+13.9600E-06,+26.5593757629E+00,+4.7500000000E+00
+13.9700E-06,+26.5437507629E+00,+4.7500000000E+00
+13.9800E-06,+26.5281257629E+00,+4.7500000000E+00
+13.9900E-06,+26.5437507629E+00,+4.7500000000E+00
+14.0000E-06,+26.5281257629E+00,+4.7500000000E+00
+14.0100E-06,+26.5437507629E+00,+4.7500000000E+00
+14.0200E-06,+26.5437507629E+00,+4.5937500000E+00
+14.0300E-06,+26.5437507629E+00,+4.7500000000E+00
+14.0400E-06,+26.5437507629E+00,+4.7500000000E+00
+14.0500E-06,+26.5437507629E+00,+4.7500000000E+00
+14.0600E-06,+26.5281257629E+00,+4.7500000000E+00
+14.0700E-06,+26.5281257629E+00,+4.7500000000E+00
+14.0800E-06,+26.5281257629E+00,+4.7500000000E+00
+14.0900E-06,+26.5437507629E+00,+4.7500000000E+00
+14.1000E-06,+26.5281257629E+00,+4.7500000000E+00
+14.1100E-06,+26.5281257629E+00,+4.7500000000E+00
+14.1200E-06,+26.5281257629E+00,+4.7500000000E+00
+14.1300E-06,+26.5125007629E+00,+4.7500000000E+00
+14.1400E-06,+26.5125007629E+00,+4.9062500000E+00
+14.1500E-06,+26.5281257629E+00,+4.7500000000E+00
+14.1600E-06,+26.5125007629E+00,+4.7500000000E+00
+14.1700E-06,+26.5281257629E+00,+4.7500000000E+00
+14.1800E-06,+26.5125007629E+00,+4.7500000000E+00
+14.1900E-06,+26.5125007629E+00,+4.7500000000E+00
+14.2000E-06,+26.5125007629E+00,+4.7500000000E+00
+14.2100E-06,+26.5125007629E+00,+4.7500000000E+00
+14.2200E-06,+26.5125007629E+00,+4.9062500000E+00
+14.2300E-06,+26.5281257629E+00,+4.5937500000E+00
+14.2400E-06,+26.4968757629E+00,+4.7500000000E+00
+14.2500E-06,+26.4812507629E+00,+4.7500000000E+00
+14.2600E-06,+26.4968757629E+00,+4.7500000000E+00
+14.2700E-06,+26.5281257629E+00,+4.7500000000E+00
+14.2800E-06,+26.4968757629E+00,+4.7500000000E+00
+14.2900E-06,+26.4968757629E+00,+4.7500000000E+00
+14.3000E-06,+26.4968757629E+00,+4.7500000000E+00
+14.3100E-06,+26.4968757629E+00,+4.7500000000E+00
+14.3200E-06,+26.4812507629E+00,+4.7500000000E+00
+14.3300E-06,+26.4812507629E+00,+4.7500000000E+00
+14.3400E-06,+26.4812507629E+00,+4.7500000000E+00
+14.3500E-06,+26.4968757629E+00,+4.7500000000E+00
+14.3600E-06,+26.4968757629E+00,+4.7500000000E+00
+14.3700E-06,+26.4812507629E+00,+4.7500000000E+00
+14.3800E-06,+26.4656257629E+00,+4.7500000000E+00
+14.3900E-06,+26.4968757629E+00,+4.7500000000E+00
+14.4000E-06,+26.4812507629E+00,+4.7500000000E+00
+14.4100E-06,+26.4968757629E+00,+4.7500000000E+00
+14.4200E-06,+26.4656257629E+00,+4.7500000000E+00
+14.4300E-06,+26.4968757629E+00,+4.7500000000E+00
+14.4400E-06,+26.4656257629E+00,+4.7500000000E+00
+14.4500E-06,+26.4812507629E+00,+4.7500000000E+00
+14.4600E-06,+26.4812507629E+00,+4.9062500000E+00
+14.4700E-06,+26.4968757629E+00,+4.7500000000E+00
+14.4800E-06,+26.4812507629E+00,+4.5937500000E+00
+14.4900E-06,+26.4812507629E+00,+4.7500000000E+00
+14.5000E-06,+26.4656257629E+00,+4.9062500000E+00
+14.5100E-06,+26.4968757629E+00,+4.7500000000E+00
+14.5200E-06,+26.4656257629E+00,+4.7500000000E+00
+14.5300E-06,+26.4812507629E+00,+4.7500000000E+00
+14.5400E-06,+26.4812507629E+00,+4.7500000000E+00
+14.5500E-06,+26.4968757629E+00,+4.7500000000E+00
+14.5600E-06,+26.4812507629E+00,+4.7500000000E+00
+14.5700E-06,+26.4812507629E+00,+4.7500000000E+00
+14.5800E-06,+26.4656257629E+00,+4.7500000000E+00
+14.5900E-06,+26.4968757629E+00,+4.7500000000E+00
+14.6000E-06,+26.4812507629E+00,+4.7500000000E+00
+14.6100E-06,+26.4812507629E+00,+4.7500000000E+00
+14.6200E-06,+26.4656257629E+00,+4.9062500000E+00
+14.6300E-06,+26.4968757629E+00,+4.7500000000E+00
+14.6400E-06,+26.4812507629E+00,+4.7500000000E+00
+14.6500E-06,+26.4812507629E+00,+4.7500000000E+00
+14.6600E-06,+26.4812507629E+00,+4.7500000000E+00
+14.6700E-06,+26.4968757629E+00,+4.7500000000E+00
+14.6800E-06,+26.4812507629E+00,+4.7500000000E+00
+14.6900E-06,+26.4812507629E+00,+4.7500000000E+00
+14.7000E-06,+26.4656257629E+00,+4.9062500000E+00
+14.7100E-06,+26.4812507629E+00,+4.7500000000E+00
+14.7200E-06,+26.4812507629E+00,+4.7500000000E+00
+14.7300E-06,+26.4812507629E+00,+4.7500000000E+00
+14.7400E-06,+26.4812507629E+00,+4.7500000000E+00
+14.7500E-06,+26.4812507629E+00,+4.7500000000E+00
+14.7600E-06,+26.4812507629E+00,+4.7500000000E+00
+14.7700E-06,+26.4812507629E+00,+4.7500000000E+00
+14.7800E-06,+26.4812507629E+00,+4.9062500000E+00
+14.7900E-06,+26.4968757629E+00,+4.7500000000E+00
+14.8000E-06,+26.4812507629E+00,+4.5937500000E+00
+14.8100E-06,+26.4656257629E+00,+4.7500000000E+00
+14.8200E-06,+26.4656257629E+00,+4.7500000000E+00
+14.8300E-06,+26.4968757629E+00,+4.7500000000E+00
+14.8400E-06,+26.4656257629E+00,+4.7500000000E+00
+14.8500E-06,+26.4812507629E+00,+4.7500000000E+00
+14.8600E-06,+26.4656257629E+00,+4.9062500000E+00
+14.8700E-06,+26.4812507629E+00,+4.7500000000E+00
+14.8800E-06,+26.4656257629E+00,+4.7500000000E+00
+14.8900E-06,+26.4812507629E+00,+4.7500000000E+00
+14.9000E-06,+26.4656257629E+00,+4.7500000000E+00
+14.9100E-06,+26.4968757629E+00,+4.7500000000E+00
+14.9200E-06,+26.4656257629E+00,+4.5937500000E+00
+14.9300E-06,+26.4656257629E+00,+4.5937500000E+00
+14.9400E-06,+26.4656257629E+00,+4.7500000000E+00
+14.9500E-06,+26.4968757629E+00,+4.7500000000E+00
+14.9600E-06,+26.4656257629E+00,+4.7500000000E+00
+14.9700E-06,+26.4656257629E+00,+4.7500000000E+00
+14.9800E-06,+26.4500007629E+00,+4.7500000000E+00
+14.9900E-06,+26.4812507629E+00,+4.7500000000E+00
+15.0000E-06,+26.4656257629E+00,+4.7500000000E+00
+15.0100E-06,+26.4656257629E+00,+4.7500000000E+00
+15.0200E-06,+26.4812507629E+00,+4.7500000000E+00
+15.0300E-06,+26.4968757629E+00,+4.7500000000E+00
+15.0400E-06,+26.4812507629E+00,+4.7500000000E+00
+15.0500E-06,+26.4656257629E+00,+4.9062500000E+00
+15.0600E-06,+26.4656257629E+00,+4.9062500000E+00
+15.0700E-06,+26.4812507629E+00,+4.7500000000E+00
+15.0800E-06,+26.4656257629E+00,+4.7500000000E+00
+15.0900E-06,+26.4656257629E+00,+4.7500000000E+00
+15.1000E-06,+26.4500007629E+00,+4.7500000000E+00
+15.1100E-06,+26.4812507629E+00,+4.7500000000E+00
+15.1200E-06,+26.4656257629E+00,+4.7500000000E+00
+15.1300E-06,+26.4656257629E+00,+4.7500000000E+00
+15.1400E-06,+26.4656257629E+00,+4.7500000000E+00
+15.1500E-06,+26.4968757629E+00,+4.7500000000E+00
+15.1600E-06,+26.4656257629E+00,+4.7500000000E+00
+15.1700E-06,+26.4656257629E+00,+4.7500000000E+00
+15.1800E-06,+26.4812507629E+00,+4.7500000000E+00
+15.1900E-06,+26.4812507629E+00,+4.7500000000E+00
+15.2000E-06,+26.4656257629E+00,+4.7500000000E+00
+15.2100E-06,+26.4656257629E+00,+4.7500000000E+00
+15.2200E-06,+26.4500007629E+00,+4.5937500000E+00
+15.2300E-06,+26.4812507629E+00,+4.7500000000E+00
+15.2400E-06,+26.4656257629E+00,+4.7500000000E+00
+15.2500E-06,+26.4656257629E+00,+4.7500000000E+00
+15.2600E-06,+26.4656257629E+00,+4.9062500000E+00
+15.2700E-06,+26.4812507629E+00,+4.7500000000E+00
+15.2800E-06,+26.4656257629E+00,+4.7500000000E+00
+15.2900E-06,+26.4500007629E+00,+4.7500000000E+00
+15.3000E-06,+26.4500007629E+00,+4.7500000000E+00
+15.3100E-06,+26.4656257629E+00,+4.7500000000E+00
+15.3200E-06,+26.4656257629E+00,+4.7500000000E+00
+15.3300E-06,+26.4656257629E+00,+4.7500000000E+00
+15.3400E-06,+26.4500007629E+00,+4.7500000000E+00
+15.3500E-06,+26.4812507629E+00,+4.7500000000E+00
+15.3600E-06,+26.4656257629E+00,+4.5937500000E+00
+15.3700E-06,+26.4656257629E+00,+4.7500000000E+00
+15.3800E-06,+26.4500007629E+00,+4.7500000000E+00
+15.3900E-06,+26.4812507629E+00,+4.7500000000E+00
+15.4000E-06,+26.4656257629E+00,+4.7500000000E+00
+15.4100E-06,+26.4656257629E+00,+4.7500000000E+00
+15.4200E-06,+26.4656257629E+00,+4.7500000000E+00
+15.4300E-06,+26.4812507629E+00,+4.7500000000E+00
+15.4400E-06,+26.4500007629E+00,+4.7500000000E+00
+15.4500E-06,+26.4656257629E+00,+4.7500000000E+00
+15.4600E-06,+26.4656257629E+00,+4.9062500000E+00
+15.4700E-06,+26.4656257629E+00,+4.7500000000E+00
+15.4800E-06,+26.4500007629E+00,+4.7500000000E+00
+15.4900E-06,+26.4656257629E+00,+4.7500000000E+00
+15.5000E-06,+26.4500007629E+00,+4.7500000000E+00
+15.5100E-06,+26.4656257629E+00,+4.7500000000E+00
+15.5200E-06,+26.4656257629E+00,+4.7500000000E+00
+15.5300E-06,+26.4656257629E+00,+4.7500000000E+00
+15.5400E-06,+26.4500007629E+00,+4.7500000000E+00
+15.5500E-06,+26.4812507629E+00,+4.7500000000E+00
+15.5600E-06,+26.4656257629E+00,+4.7500000000E+00
+15.5700E-06,+26.4656257629E+00,+4.7500000000E+00
+15.5800E-06,+26.4500007629E+00,+4.7500000000E+00
+15.5900E-06,+26.4656257629E+00,+4.7500000000E+00
+15.6000E-06,+26.4656257629E+00,+4.7500000000E+00
+15.6100E-06,+26.4812507629E+00,+4.7500000000E+00
+15.6200E-06,+26.4656257629E+00,+4.7500000000E+00
+15.6300E-06,+26.4656257629E+00,+4.7500000000E+00
+15.6400E-06,+26.4656257629E+00,+4.7500000000E+00
+15.6500E-06,+26.4500007629E+00,+4.7500000000E+00
+15.6600E-06,+26.4656257629E+00,+4.9062500000E+00
+15.6700E-06,+26.4812507629E+00,+4.7500000000E+00
+15.6800E-06,+26.4500007629E+00,+4.7500000000E+00
+15.6900E-06,+26.4656257629E+00,+4.7500000000E+00
+15.7000E-06,+26.4656257629E+00,+4.9062500000E+00
+15.7100E-06,+26.4656257629E+00,+4.7500000000E+00
+15.7200E-06,+26.4656257629E+00,+4.7500000000E+00
+15.7300E-06,+26.4812507629E+00,+4.7500000000E+00
+15.7400E-06,+26.4343757629E+00,+4.9062500000E+00
+15.7500E-06,+26.4812507629E+00,+4.7500000000E+00
+15.7600E-06,+26.4656257629E+00,+4.7500000000E+00
+15.7700E-06,+26.4500007629E+00,+4.7500000000E+00
+15.7800E-06,+26.4500007629E+00,+4.7500000000E+00
+15.7900E-06,+26.4656257629E+00,+4.7500000000E+00
+15.8000E-06,+26.4500007629E+00,+4.7500000000E+00
+15.8100E-06,+26.4656257629E+00,+4.7500000000E+00
+15.8200E-06,+26.4656257629E+00,+4.9062500000E+00
+15.8300E-06,+26.4812507629E+00,+4.7500000000E+00
+15.8400E-06,+26.4656257629E+00,+4.7500000000E+00
+15.8500E-06,+26.4656257629E+00,+4.7500000000E+00
+15.8600E-06,+26.4500007629E+00,+4.7500000000E+00
+15.8700E-06,+26.4656257629E+00,+4.7500000000E+00
+15.8800E-06,+26.4500007629E+00,+4.7500000000E+00
+15.8900E-06,+26.4500007629E+00,+4.9062500000E+00
+15.9000E-06,+26.4500007629E+00,+4.7500000000E+00
+15.9100E-06,+26.4656257629E+00,+4.7500000000E+00
+15.9200E-06,+26.4656257629E+00,+4.7500000000E+00
+15.9300E-06,+26.4656257629E+00,+4.7500000000E+00
+15.9400E-06,+26.4656257629E+00,+4.9062500000E+00
+15.9500E-06,+26.4656257629E+00,+4.7500000000E+00
+15.9600E-06,+26.4656257629E+00,+4.7500000000E+00
+15.9700E-06,+26.4656257629E+00,+4.9062500000E+00
+15.9800E-06,+26.4500007629E+00,+4.7500000000E+00
+15.9900E-06,+26.4656257629E+00,+4.7500000000E+00
+16.0000E-06,+26.4500007629E+00,+4.7500000000E+00
+16.0100E-06,+26.4500007629E+00,+4.9062500000E+00
+16.0200E-06,+26.4656257629E+00,+4.7500000000E+00
+16.0300E-06,+26.4656257629E+00,+4.7500000000E+00
+16.0400E-06,+26.4656257629E+00,+4.5937500000E+00
+16.0500E-06,+26.4656257629E+00,+4.7500000000E+00
+16.0600E-06,+26.4500007629E+00,+4.9062500000E+00
+16.0700E-06,+26.4656257629E+00,+4.7500000000E+00
+16.0800E-06,+26.4656257629E+00,+4.5937500000E+00
+16.0900E-06,+26.4656257629E+00,+4.7500000000E+00
+16.1000E-06,+26.4500007629E+00,+4.5937500000E+00
+16.1100E-06,+26.4656257629E+00,+4.7500000000E+00
+16.1200E-06,+26.4500007629E+00,+4.5937500000E+00
+16.1300E-06,+26.4656257629E+00,+4.7500000000E+00
+16.1400E-06,+26.4500007629E+00,+4.7500000000E+00
+16.1500E-06,+26.4656257629E+00,+4.7500000000E+00
+16.1600E-06,+26.4656257629E+00,+4.7500000000E+00
+16.1700E-06,+26.4343757629E+00,+4.7500000000E+00
+16.1800E-06,+26.4500007629E+00,+4.7500000000E+00
+16.1900E-06,+26.4656257629E+00,+4.7500000000E+00
+16.2000E-06,+26.4500007629E+00,+4.7500000000E+00
+16.2100E-06,+26.4500007629E+00,+4.7500000000E+00
+16.2200E-06,+26.4656257629E+00,+4.7500000000E+00
+16.2300E-06,+26.4656257629E+00,+4.7500000000E+00
+16.2400E-06,+26.4656257629E+00,+4.7500000000E+00
+16.2500E-06,+26.4500007629E+00,+4.7500000000E+00
+16.2600E-06,+26.4343757629E+00,+4.9062500000E+00
+16.2700E-06,+26.4656257629E+00,+4.7500000000E+00
+16.2800E-06,+26.4656257629E+00,+4.7500000000E+00
+16.2900E-06,+26.4656257629E+00,+4.7500000000E+00
+16.3000E-06,+26.4500007629E+00,+4.9062500000E+00
+16.3100E-06,+26.4656257629E+00,+4.9062500000E+00
+16.3200E-06,+26.4656257629E+00,+4.5937500000E+00
+16.3300E-06,+26.4500007629E+00,+4.7500000000E+00
+16.3400E-06,+26.4343757629E+00,+4.7500000000E+00
+16.3500E-06,+26.4656257629E+00,+4.7500000000E+00
+16.3600E-06,+26.4656257629E+00,+4.7500000000E+00
+16.3700E-06,+26.4500007629E+00,+4.7500000000E+00
+16.3800E-06,+26.4500007629E+00,+4.7500000000E+00
+16.3900E-06,+26.4500007629E+00,+4.7500000000E+00
+16.4000E-06,+26.4500007629E+00,+4.5937500000E+00
+16.4100E-06,+26.4500007629E+00,+4.7500000000E+00
+16.4200E-06,+26.4500007629E+00,+4.7500000000E+00
+16.4300E-06,+26.4812507629E+00,+4.7500000000E+00
+16.4400E-06,+26.4343757629E+00,+4.7500000000E+00
+16.4500E-06,+26.4500007629E+00,+4.7500000000E+00
+16.4600E-06,+26.4500007629E+00,+4.7500000000E+00
+16.4700E-06,+26.4656257629E+00,+4.7500000000E+00
+16.4800E-06,+26.4500007629E+00,+4.7500000000E+00
+16.4900E-06,+26.4343757629E+00,+4.7500000000E+00
+16.5000E-06,+26.4343757629E+00,+4.9062500000E+00
+16.5100E-06,+26.4656257629E+00,+4.7500000000E+00
+16.5200E-06,+26.4500007629E+00,+4.7500000000E+00
+16.5300E-06,+26.4656257629E+00,+4.9062500000E+00
+16.5400E-06,+26.4343757629E+00,+4.9062500000E+00
+16.5500E-06,+26.4656257629E+00,+4.7500000000E+00
+16.5600E-06,+26.4500007629E+00,+4.7500000000E+00
+16.5700E-06,+26.4500007629E+00,+4.9062500000E+00
+16.5800E-06,+26.4500007629E+00,+4.9062500000E+00
+16.5900E-06,+26.4500007629E+00,+4.7500000000E+00
+16.6000E-06,+26.4500007629E+00,+4.7500000000E+00
+16.6100E-06,+26.4500007629E+00,+4.7500000000E+00
+16.6200E-06,+26.4500007629E+00,+4.9062500000E+00
+16.6300E-06,+26.4656257629E+00,+4.7500000000E+00
+16.6400E-06,+26.4500007629E+00,+4.7500000000E+00
+16.6500E-06,+26.4500007629E+00,+4.7500000000E+00
+16.6600E-06,+26.4500007629E+00,+2.8750000000E+00
+16.6700E-06,+26.4812507629E+00,+1.1562500000E+00
+16.6800E-06,+26.4500007629E+00,+375.0000000E-03
+16.6900E-06,+26.4343757629E+00,-93.7500000E-03
+16.7000E-06,+26.4343757629E+00,-93.7500000E-03
+16.7100E-06,+26.4812507629E+00,-250.0000000E-03
+16.7200E-06,+26.4500007629E+00,-250.0000000E-03
+16.7300E-06,+26.4656257629E+00,-250.0000000E-03
+16.7400E-06,+26.4343757629E+00,-250.0000000E-03
+16.7500E-06,+26.4656257629E+00,-93.7500000E-03
+16.7600E-06,+26.4500007629E+00,-250.0000000E-03
+16.7700E-06,+26.4343757629E+00,-93.7500000E-03
+16.7800E-06,+26.4500007629E+00,-93.7500000E-03
+16.7900E-06,+26.4500007629E+00,-93.7500000E-03
+16.8000E-06,+26.4343757629E+00,-93.7500000E-03
+16.8100E-06,+26.4500007629E+00,-250.0000000E-03
+16.8200E-06,+26.4343757629E+00,-250.0000000E-03
+16.8300E-06,+26.4656257629E+00,-93.7500000E-03
+16.8400E-06,+26.4500007629E+00,-93.7500000E-03
+16.8500E-06,+26.4500007629E+00,-93.7500000E-03
+16.8600E-06,+26.4343757629E+00,-93.7500000E-03
+16.8700E-06,+26.4656257629E+00,-93.7500000E-03
+16.8800E-06,+26.4500007629E+00,-250.0000000E-03
+16.8900E-06,+26.4343757629E+00,-93.7500000E-03
+16.9000E-06,+26.4187507629E+00,-250.0000000E-03
+16.9100E-06,+26.4656257629E+00,-250.0000000E-03
+16.9200E-06,+26.4500007629E+00,-93.7500000E-03
+16.9300E-06,+26.4343757629E+00,-93.7500000E-03
+16.9400E-06,+26.4187507629E+00,-250.0000000E-03
+16.9500E-06,+26.4656257629E+00,-93.7500000E-03
+16.9600E-06,+26.4343757629E+00,-250.0000000E-03
+16.9700E-06,+26.4500007629E+00,-93.7500000E-03
+16.9800E-06,+26.4500007629E+00,-93.7500000E-03
+16.9900E-06,+26.4656257629E+00,-93.7500000E-03
+17.0000E-06,+26.4500007629E+00,-93.7500000E-03
+17.0100E-06,+26.4343757629E+00,-93.7500000E-03
+17.0200E-06,+26.4500007629E+00,-250.0000000E-03
+17.0300E-06,+26.4656257629E+00,-93.7500000E-03
+17.0400E-06,+26.4343757629E+00,-250.0000000E-03
+17.0500E-06,+26.4343757629E+00,-93.7500000E-03
+17.0600E-06,+26.4343757629E+00,-93.7500000E-03
+17.0700E-06,+26.4656257629E+00,-93.7500000E-03
+17.0800E-06,+26.4500007629E+00,-250.0000000E-03
+17.0900E-06,+26.4500007629E+00,-93.7500000E-03
+17.1000E-06,+26.4343757629E+00,-93.7500000E-03
+17.1100E-06,+26.4500007629E+00,-250.0000000E-03
+17.1200E-06,+26.4500007629E+00,-250.0000000E-03
+17.1300E-06,+26.4343757629E+00,-93.7500000E-03
+17.1400E-06,+26.4343757629E+00,-250.0000000E-03
+17.1500E-06,+26.4656257629E+00,-250.0000000E-03
+17.1600E-06,+26.4500007629E+00,-250.0000000E-03
+17.1700E-06,+26.4500007629E+00,-93.7500000E-03
+17.1800E-06,+26.4343757629E+00,-93.7500000E-03
+17.1900E-06,+26.4500007629E+00,-93.7500000E-03
+17.2000E-06,+26.4500007629E+00,-250.0000000E-03
+17.2100E-06,+26.4343757629E+00,-250.0000000E-03
+17.2200E-06,+26.4500007629E+00,-250.0000000E-03
+17.2300E-06,+26.4500007629E+00,-93.7500000E-03
+17.2400E-06,+26.4343757629E+00,-250.0000000E-03
+17.2500E-06,+26.4187507629E+00,-93.7500000E-03
+17.2600E-06,+26.4343757629E+00,-250.0000000E-03
+17.2700E-06,+26.4656257629E+00,-93.7500000E-03
+17.2800E-06,+26.4343757629E+00,-250.0000000E-03
+17.2900E-06,+26.4343757629E+00,-93.7500000E-03
+17.3000E-06,+26.4343757629E+00,-93.7500000E-03
+17.3100E-06,+26.4500007629E+00,-93.7500000E-03
+17.3200E-06,+26.4343757629E+00,-250.0000000E-03
+17.3300E-06,+26.4500007629E+00,-93.7500000E-03
+17.3400E-06,+26.4187507629E+00,-93.7500000E-03
+17.3500E-06,+26.4656257629E+00,-250.0000000E-03
+17.3600E-06,+26.4343757629E+00,-93.7500000E-03
+17.3700E-06,+26.4343757629E+00,-93.7500000E-03
+17.3800E-06,+26.4343757629E+00,-93.7500000E-03
+17.3900E-06,+26.4500007629E+00,-250.0000000E-03
+17.4000E-06,+26.4343757629E+00,-93.7500000E-03
+17.4100E-06,+26.4343757629E+00,-93.7500000E-03
+17.4200E-06,+26.4500007629E+00,-250.0000000E-03
+17.4300E-06,+26.4500007629E+00,-250.0000000E-03
+17.4400E-06,+26.4343757629E+00,-93.7500000E-03
+17.4500E-06,+26.4343757629E+00,-93.7500000E-03
+17.4600E-06,+26.4500007629E+00,-250.0000000E-03
+17.4700E-06,+26.4500007629E+00,-250.0000000E-03
+17.4800E-06,+26.4343757629E+00,-93.7500000E-03
