x-axis,4,MATH
second,Volt,Volt
-12.25000E-06,-187.50000000E-03,+3.28125000000E+00
-12.20000E-06,-187.50000000E-03,+3.28125000000E+00
-12.15000E-06,-187.50000000E-03,+3.28125000000E+00
-12.10000E-06,-187.50000000E-03,+3.28125000000E+00
-12.05000E-06,-187.50000000E-03,+3.28125000000E+00
-12.00000E-06,-187.50000000E-03,+3.28125000000E+00
-11.95000E-06,-187.50000000E-03,+3.28125000000E+00
-11.90000E-06,-187.50000000E-03,+3.28125000000E+00
-11.85000E-06,-187.50000000E-03,+3.28125000000E+00
-11.80000E-06,-187.50000000E-03,+3.28125000000E+00
-11.75000E-06,-187.50000000E-03,+3.28125000000E+00
-11.70000E-06,-187.50000000E-03,+3.28125000000E+00
-11.65000E-06,-31.25000000E-03,+3.28125000000E+00
-11.60000E-06,-343.75000000E-03,+3.28125000000E+00
-11.55000E-06,-187.50000000E-03,+3.28125000000E+00
-11.50000E-06,-187.50000000E-03,+3.28125000000E+00
-11.45000E-06,-187.50000000E-03,+3.28125000000E+00
-11.40000E-06,-187.50000000E-03,+3.28125000000E+00
-11.35000E-06,-187.50000000E-03,+3.28125000000E+00
-11.30000E-06,-187.50000000E-03,+3.28125000000E+00
-11.25000E-06,-31.25000000E-03,+3.28125000000E+00
-11.20000E-06,-187.50000000E-03,+3.28125000000E+00
-11.15000E-06,-187.50000000E-03,+3.28125000000E+00
-11.10000E-06,-187.50000000E-03,+3.28125000000E+00
-11.05000E-06,-187.50000000E-03,+3.28125000000E+00
-11.00000E-06,-187.50000000E-03,+3.28125000000E+00
-10.95000E-06,-187.50000000E-03,+3.28125000000E+00
-10.90000E-06,-187.50000000E-03,+3.28125000000E+00
-10.85000E-06,-31.25000000E-03,+3.28125000000E+00
-10.80000E-06,-187.50000000E-03,+3.12500000000E+00
-10.75000E-06,-187.50000000E-03,+3.28125000000E+00
-10.70000E-06,-343.75000000E-03,+3.28125000000E+00
-10.65000E-06,-31.25000000E-03,+3.28125000000E+00
-10.60000E-06,-187.50000000E-03,+3.28125000000E+00
-10.55000E-06,-187.50000000E-03,+3.28125000000E+00
-10.50000E-06,-187.50000000E-03,+3.28125000000E+00
-10.45000E-06,-31.25000000E-03,+3.28125000000E+00
-10.40000E-06,-343.75000000E-03,+3.28125000000E+00
-10.35000E-06,-187.50000000E-03,+3.28125000000E+00
-10.30000E-06,-187.50000000E-03,+3.28125000000E+00
-10.25000E-06,-31.25000000E-03,+3.28125000000E+00
-10.20000E-06,-187.50000000E-03,+3.28125000000E+00
-10.15000E-06,-31.25000000E-03,+3.28125000000E+00
-10.10000E-06,-187.50000000E-03,+3.28125000000E+00
-10.05000E-06,-187.50000000E-03,+3.28125000000E+00
-10.00000E-06,-187.50000000E-03,+3.28125000000E+00
-9.95000E-06,-187.50000000E-03,+3.28125000000E+00
-9.90000E-06,-187.50000000E-03,+3.28125000000E+00
-9.85000E-06,-31.25000000E-03,+3.28125000000E+00
-9.80000E-06,-187.50000000E-03,+3.28125000000E+00
-9.75000E-06,-187.50000000E-03,+3.28125000000E+00
-9.70000E-06,-187.50000000E-03,+3.28125000000E+00
-9.65000E-06,-187.50000000E-03,+3.28125000000E+00
-9.60000E-06,-187.50000000E-03,+3.12500000000E+00
-9.55000E-06,-31.25000000E-03,+3.28125000000E+00
-9.50000E-06,-187.50000000E-03,+3.28125000000E+00
-9.45000E-06,-31.25000000E-03,+3.28125000000E+00
-9.40000E-06,-187.50000000E-03,+3.28125000000E+00
-9.35000E-06,-187.50000000E-03,+3.28125000000E+00
-9.30000E-06,-187.50000000E-03,+3.28125000000E+00
-9.25000E-06,-31.25000000E-03,+3.28125000000E+00
-9.20000E-06,-343.75000000E-03,+3.12500000000E+00
-9.15000E-06,-187.50000000E-03,+3.28125000000E+00
-9.10000E-06,-187.50000000E-03,+3.28125000000E+00
-9.05000E-06,-31.25000000E-03,+3.12500000000E+00
-9.00000E-06,-187.50000000E-03,+3.28125000000E+00
-8.95000E-06,-187.50000000E-03,+3.28125000000E+00
-8.90000E-06,-187.50000000E-03,+3.12500000000E+00
-8.85000E-06,-31.25000000E-03,+3.12500000000E+00
-8.80000E-06,-187.50000000E-03,+3.12500000000E+00
-8.75000E-06,-187.50000000E-03,+3.12500000000E+00
-8.70000E-06,-187.50000000E-03,+3.12500000000E+00
-8.65000E-06,-187.50000000E-03,+3.12500000000E+00
-8.60000E-06,-343.75000000E-03,+3.28125000000E+00
-8.55000E-06,-187.50000000E-03,+3.12500000000E+00
-8.50000E-06,-187.50000000E-03,+3.28125000000E+00
-8.45000E-06,-31.25000000E-03,+3.28125000000E+00
-8.40000E-06,-187.50000000E-03,+3.12500000000E+00
-8.35000E-06,+3.71875000000E+00,+3.28125000000E+00
-8.30000E-06,+4.81250000000E+00,+3.12500000000E+00
-8.25000E-06,+4.81250000000E+00,+3.28125000000E+00
-8.20000E-06,+4.81250000000E+00,+3.28125000000E+00
-8.15000E-06,+4.81250000000E+00,+3.28125000000E+00
-8.10000E-06,+4.81250000000E+00,+3.28125000000E+00
-8.05000E-06,+4.81250000000E+00,+3.12500000000E+00
-8.00000E-06,+4.96875000000E+00,+3.12500000000E+00
-7.95000E-06,+4.81250000000E+00,+3.12500000000E+00
-7.90000E-06,+4.81250000000E+00,+3.12500000000E+00
-7.85000E-06,+4.96875000000E+00,+3.28125000000E+00
-7.80000E-06,+4.96875000000E+00,+3.12500000000E+00
-7.75000E-06,+4.81250000000E+00,+3.28125000000E+00
-7.70000E-06,+4.81250000000E+00,+3.12500000000E+00
-7.65000E-06,+4.81250000000E+00,+2.65625000000E+00
-7.60000E-06,+4.96875000000E+00,+2.03125000000E+00
-7.55000E-06,+4.81250000000E+00,+1.09375000000E+00
-7.50000E-06,+4.81250000000E+00,+468.75000000E-03
-7.45000E-06,+4.81250000000E+00,+312.50000000E-03
-7.40000E-06,+4.81250000000E+00,+312.50000000E-03
-7.35000E-06,+4.81250000000E+00,+781.25000000E-03
-7.30000E-06,+4.81250000000E+00,+1.25000000000E+00
-7.25000E-06,+4.81250000000E+00,+625.00000000E-03
-7.20000E-06,+4.81250000000E+00,+468.75000000E-03
-7.15000E-06,+4.81250000000E+00,+312.50000000E-03
-7.10000E-06,+4.81250000000E+00,+312.50000000E-03
-7.05000E-06,+4.81250000000E+00,+312.50000000E-03
-7.00000E-06,+4.81250000000E+00,+312.50000000E-03
-6.95000E-06,+4.81250000000E+00,+468.75000000E-03
-6.90000E-06,+4.81250000000E+00,+312.50000000E-03
-6.85000E-06,+4.81250000000E+00,+468.75000000E-03
-6.80000E-06,+4.81250000000E+00,+156.25000000E-03
-6.75000E-06,+4.81250000000E+00,+312.50000000E-03
-6.70000E-06,+4.81250000000E+00,+468.75000000E-03
-6.65000E-06,+4.81250000000E+00,+156.25000000E-03
-6.60000E-06,+4.81250000000E+00,+312.50000000E-03
-6.55000E-06,+4.81250000000E+00,+312.50000000E-03
-6.50000E-06,+4.65625000000E+00,+312.50000000E-03
-6.45000E-06,+4.81250000000E+00,+312.50000000E-03
-6.40000E-06,+4.96875000000E+00,+468.75000000E-03
-6.35000E-06,+4.81250000000E+00,+312.50000000E-03
-6.30000E-06,+4.81250000000E+00,+312.50000000E-03
-6.25000E-06,+4.81250000000E+00,+468.75000000E-03
-6.20000E-06,+4.81250000000E+00,+468.75000000E-03
-6.15000E-06,+4.81250000000E+00,+468.75000000E-03
-6.10000E-06,+4.81250000000E+00,+312.50000000E-03
-6.05000E-06,+4.81250000000E+00,+312.50000000E-03
-6.00000E-06,+4.81250000000E+00,+312.50000000E-03
-5.95000E-06,+4.81250000000E+00,+312.50000000E-03
-5.90000E-06,+4.81250000000E+00,+468.75000000E-03
-5.85000E-06,+4.65625000000E+00,+312.50000000E-03
-5.80000E-06,+4.81250000000E+00,+312.50000000E-03
-5.75000E-06,+4.81250000000E+00,+312.50000000E-03
-5.70000E-06,+4.81250000000E+00,+312.50000000E-03
-5.65000E-06,+4.81250000000E+00,+312.50000000E-03
-5.60000E-06,+4.81250000000E+00,+312.50000000E-03
-5.55000E-06,+4.81250000000E+00,+468.75000000E-03
-5.50000E-06,+4.81250000000E+00,+468.75000000E-03
-5.45000E-06,+4.81250000000E+00,+312.50000000E-03
-5.40000E-06,+4.81250000000E+00,+312.50000000E-03
-5.35000E-06,+4.81250000000E+00,+312.50000000E-03
-5.30000E-06,+4.65625000000E+00,+312.50000000E-03
-5.25000E-06,+4.81250000000E+00,+312.50000000E-03
-5.20000E-06,+4.81250000000E+00,+312.50000000E-03
-5.15000E-06,+4.81250000000E+00,+312.50000000E-03
-5.10000E-06,+4.81250000000E+00,+312.50000000E-03
-5.05000E-06,+4.81250000000E+00,+312.50000000E-03
-5.00000E-06,+4.81250000000E+00,+312.50000000E-03
-4.95000E-06,+4.81250000000E+00,+468.75000000E-03
-4.90000E-06,+4.81250000000E+00,+312.50000000E-03
-4.85000E-06,+4.81250000000E+00,+468.75000000E-03
-4.80000E-06,+4.81250000000E+00,+312.50000000E-03
-4.75000E-06,+4.81250000000E+00,+312.50000000E-03
-4.70000E-06,+4.81250000000E+00,+312.50000000E-03
-4.65000E-06,+4.65625000000E+00,+312.50000000E-03
-4.60000E-06,+4.81250000000E+00,+312.50000000E-03
-4.55000E-06,+4.65625000000E+00,+312.50000000E-03
-4.50000E-06,+4.65625000000E+00,+312.50000000E-03
-4.45000E-06,+4.81250000000E+00,+312.50000000E-03
-4.40000E-06,+4.81250000000E+00,+312.50000000E-03
-4.35000E-06,+4.81250000000E+00,+468.75000000E-03
-4.30000E-06,+4.81250000000E+00,+468.75000000E-03
-4.25000E-06,+4.81250000000E+00,+468.75000000E-03
-4.20000E-06,+4.81250000000E+00,+312.50000000E-03
-4.15000E-06,+4.81250000000E+00,+312.50000000E-03
-4.10000E-06,+4.81250000000E+00,+468.75000000E-03
-4.05000E-06,+4.81250000000E+00,+312.50000000E-03
-4.00000E-06,+4.81250000000E+00,+312.50000000E-03
-3.95000E-06,+4.81250000000E+00,+312.50000000E-03
-3.90000E-06,+4.96875000000E+00,+312.50000000E-03
-3.85000E-06,+4.81250000000E+00,+468.75000000E-03
-3.80000E-06,+4.81250000000E+00,+312.50000000E-03
-3.75000E-06,+4.65625000000E+00,+468.75000000E-03
-3.70000E-06,+4.81250000000E+00,+312.50000000E-03
-3.65000E-06,+4.65625000000E+00,+312.50000000E-03
-3.60000E-06,+4.50000000000E+00,+312.50000000E-03
-3.55000E-06,+4.81250000000E+00,+468.75000000E-03
-3.50000E-06,+4.81250000000E+00,+468.75000000E-03
-3.45000E-06,+4.81250000000E+00,+468.75000000E-03
-3.40000E-06,+4.81250000000E+00,+312.50000000E-03
-3.35000E-06,+4.81250000000E+00,+312.50000000E-03
-3.30000E-06,+4.81250000000E+00,+468.75000000E-03
-3.25000E-06,+4.81250000000E+00,+312.50000000E-03
-3.20000E-06,+4.81250000000E+00,+312.50000000E-03
-3.15000E-06,+4.81250000000E+00,+312.50000000E-03
-3.10000E-06,+4.81250000000E+00,+312.50000000E-03
-3.05000E-06,+4.65625000000E+00,+468.75000000E-03
-3.00000E-06,+4.81250000000E+00,+468.75000000E-03
-2.95000E-06,+4.65625000000E+00,+312.50000000E-03
-2.90000E-06,+4.81250000000E+00,+312.50000000E-03
-2.85000E-06,+4.65625000000E+00,+312.50000000E-03
-2.80000E-06,+4.65625000000E+00,+468.75000000E-03
-2.75000E-06,+4.81250000000E+00,+312.50000000E-03
-2.70000E-06,+4.81250000000E+00,+312.50000000E-03
-2.65000E-06,+4.81250000000E+00,+312.50000000E-03
-2.60000E-06,+4.81250000000E+00,+468.75000000E-03
-2.55000E-06,+4.81250000000E+00,+312.50000000E-03
-2.50000E-06,+4.81250000000E+00,+468.75000000E-03
-2.45000E-06,+4.81250000000E+00,+468.75000000E-03
-2.40000E-06,+4.81250000000E+00,+312.50000000E-03
-2.35000E-06,+4.96875000000E+00,+312.50000000E-03
-2.30000E-06,+4.81250000000E+00,+468.75000000E-03
-2.25000E-06,+4.81250000000E+00,+468.75000000E-03
-2.20000E-06,+4.65625000000E+00,+156.25000000E-03
-2.15000E-06,+4.81250000000E+00,+156.25000000E-03
-2.10000E-06,+4.81250000000E+00,+312.50000000E-03
-2.05000E-06,+4.81250000000E+00,+156.25000000E-03
-2.00000E-06,+4.81250000000E+00,+156.25000000E-03
-1.95000E-06,+4.81250000000E+00,+156.25000000E-03
-1.90000E-06,+4.81250000000E+00,+156.25000000E-03
-1.85000E-06,+4.81250000000E+00,+0.0E+00
-1.80000E-06,+4.81250000000E+00,+156.25000000E-03
-1.75000E-06,+4.81250000000E+00,+156.25000000E-03
-1.70000E-06,+4.96875000000E+00,+312.50000000E-03
-1.65000E-06,+4.81250000000E+00,+312.50000000E-03
-1.60000E-06,+4.81250000000E+00,+468.75000000E-03
-1.55000E-06,+4.81250000000E+00,+312.50000000E-03
-1.50000E-06,+4.81250000000E+00,+625.00000000E-03
-1.45000E-06,+4.65625000000E+00,+1.09375000000E+00
-1.40000E-06,+4.81250000000E+00,+1.56250000000E+00
-1.35000E-06,+4.81250000000E+00,+1.87500000000E+00
-1.30000E-06,+4.81250000000E+00,+2.03125000000E+00
-1.25000E-06,+4.81250000000E+00,+2.18750000000E+00
-1.20000E-06,+4.81250000000E+00,+2.34375000000E+00
-1.15000E-06,+4.81250000000E+00,+2.34375000000E+00
-1.10000E-06,+4.81250000000E+00,+2.18750000000E+00
-1.05000E-06,+4.81250000000E+00,+2.03125000000E+00
-1.00000E-06,+4.81250000000E+00,+1.71875000000E+00
-950.00E-09,+4.65625000000E+00,+1.40625000000E+00
-900.00E-09,+4.65625000000E+00,+937.50000000E-03
-850.00E-09,+4.81250000000E+00,+625.00000000E-03
-800.00E-09,+4.81250000000E+00,+468.75000000E-03
-750.00E-09,+4.81250000000E+00,+468.75000000E-03
-700.00E-09,+4.81250000000E+00,+468.75000000E-03
-650.00E-09,+4.65625000000E+00,+312.50000000E-03
-600.00E-09,+4.81250000000E+00,+468.75000000E-03
-550.00E-09,+4.81250000000E+00,+468.75000000E-03
-500.00E-09,+4.81250000000E+00,+468.75000000E-03
-450.00E-09,+4.81250000000E+00,+312.50000000E-03
-400.00E-09,+4.81250000000E+00,+312.50000000E-03
-350.00E-09,+4.81250000000E+00,+468.75000000E-03
-300.00E-09,+4.81250000000E+00,+312.50000000E-03
-250.00E-09,+4.65625000000E+00,+468.75000000E-03
-200.00E-09,+4.81250000000E+00,+312.50000000E-03
-150.00E-09,+4.81250000000E+00,+468.75000000E-03
-100.00E-09,+4.81250000000E+00,+468.75000000E-03
-50.00E-09,+4.65625000000E+00,+468.75000000E-03
-0.0E+00,+1.21875000000E+00,+312.50000000E-03
+50.00E-09,-187.50000000E-03,+312.50000000E-03
+100.00E-09,-187.50000000E-03,+312.50000000E-03
+150.00E-09,-31.25000000E-03,+312.50000000E-03
+200.00E-09,-187.50000000E-03,+468.75000000E-03
+250.00E-09,-31.25000000E-03,+312.50000000E-03
+300.00E-09,-187.50000000E-03,+156.25000000E-03
+350.00E-09,-187.50000000E-03,+156.25000000E-03
+400.00E-09,-187.50000000E-03,+156.25000000E-03
+450.00E-09,-187.50000000E-03,+156.25000000E-03
+500.00E-09,-187.50000000E-03,+0.0E+00
+550.00E-09,-187.50000000E-03,+0.0E+00
+600.00E-09,-187.50000000E-03,+156.25000000E-03
+650.00E-09,-31.25000000E-03,+156.25000000E-03
+700.00E-09,-187.50000000E-03,+156.25000000E-03
+750.00E-09,-187.50000000E-03,+156.25000000E-03
+800.00E-09,-31.25000000E-03,+312.50000000E-03
+850.00E-09,-187.50000000E-03,+312.50000000E-03
+900.00E-09,-187.50000000E-03,+312.50000000E-03
+950.00E-09,-31.25000000E-03,+468.75000000E-03
+1.00000E-06,-187.50000000E-03,+312.50000000E-03
+1.05000E-06,-31.25000000E-03,+625.00000000E-03
+1.10000E-06,-31.25000000E-03,+781.25000000E-03
+1.15000E-06,-187.50000000E-03,+1.09375000000E+00
+1.20000E-06,-187.50000000E-03,+1.25000000000E+00
+1.25000E-06,-187.50000000E-03,+1.25000000000E+00
+1.30000E-06,-187.50000000E-03,+1.25000000000E+00
+1.35000E-06,-31.25000000E-03,+1.09375000000E+00
+1.40000E-06,-187.50000000E-03,+781.25000000E-03
+1.45000E-06,-187.50000000E-03,+625.00000000E-03
+1.50000E-06,-187.50000000E-03,+468.75000000E-03
+1.55000E-06,-187.50000000E-03,+312.50000000E-03
+1.60000E-06,-187.50000000E-03,+468.75000000E-03
+1.65000E-06,-31.25000000E-03,+468.75000000E-03
+1.70000E-06,-187.50000000E-03,+468.75000000E-03
+1.75000E-06,-187.50000000E-03,+312.50000000E-03
+1.80000E-06,-343.75000000E-03,+468.75000000E-03
+1.85000E-06,-31.25000000E-03,+468.75000000E-03
+1.90000E-06,-187.50000000E-03,+312.50000000E-03
+1.95000E-06,-187.50000000E-03,+312.50000000E-03
+2.00000E-06,-343.75000000E-03,+312.50000000E-03
+2.05000E-06,-187.50000000E-03,+468.75000000E-03
+2.10000E-06,-187.50000000E-03,+468.75000000E-03
+2.15000E-06,-31.25000000E-03,+468.75000000E-03
+2.20000E-06,-343.75000000E-03,-156.25000000E-03
+2.25000E-06,-31.25000000E-03,-468.75000000E-03
+2.30000E-06,-187.50000000E-03,+1.09375000000E+00
+2.35000E-06,-187.50000000E-03,+2.96875000000E+00
+2.40000E-06,-187.50000000E-03,+3.43750000000E+00
+2.45000E-06,-187.50000000E-03,+3.43750000000E+00
+2.50000E-06,-187.50000000E-03,+3.43750000000E+00
+2.55000E-06,-31.25000000E-03,+3.43750000000E+00
+2.60000E-06,-187.50000000E-03,+3.28125000000E+00
+2.65000E-06,-187.50000000E-03,+3.43750000000E+00
+2.70000E-06,-187.50000000E-03,+3.43750000000E+00
+2.75000E-06,-31.25000000E-03,+3.43750000000E+00
+2.80000E-06,-187.50000000E-03,+3.43750000000E+00
+2.85000E-06,-187.50000000E-03,+3.43750000000E+00
+2.90000E-06,-187.50000000E-03,+3.43750000000E+00
+2.95000E-06,-31.25000000E-03,+3.28125000000E+00
+3.00000E-06,-187.50000000E-03,+3.28125000000E+00
+3.05000E-06,-187.50000000E-03,+3.28125000000E+00
+3.10000E-06,-187.50000000E-03,+3.28125000000E+00
+3.15000E-06,-187.50000000E-03,+3.28125000000E+00
+3.20000E-06,-187.50000000E-03,+3.28125000000E+00
+3.25000E-06,+125.00000000E-03,+3.28125000000E+00
+3.30000E-06,-187.50000000E-03,+3.28125000000E+00
+3.35000E-06,-187.50000000E-03,+3.28125000000E+00
+3.40000E-06,-187.50000000E-03,+3.28125000000E+00
+3.45000E-06,-31.25000000E-03,+3.28125000000E+00
+3.50000E-06,-31.25000000E-03,+3.28125000000E+00
+3.55000E-06,-31.25000000E-03,+3.28125000000E+00
+3.60000E-06,-187.50000000E-03,+3.28125000000E+00
+3.65000E-06,-187.50000000E-03,+3.28125000000E+00
+3.70000E-06,-187.50000000E-03,+3.28125000000E+00
+3.75000E-06,-31.25000000E-03,+3.28125000000E+00
+3.80000E-06,-343.75000000E-03,+3.28125000000E+00
+3.85000E-06,-187.50000000E-03,+3.28125000000E+00
+3.90000E-06,-187.50000000E-03,+3.28125000000E+00
+3.95000E-06,-187.50000000E-03,+3.28125000000E+00
+4.00000E-06,-187.50000000E-03,+3.28125000000E+00
+4.05000E-06,-31.25000000E-03,+3.28125000000E+00
+4.10000E-06,-187.50000000E-03,+3.28125000000E+00
+4.15000E-06,-31.25000000E-03,+3.28125000000E+00
+4.20000E-06,-187.50000000E-03,+3.28125000000E+00
+4.25000E-06,-187.50000000E-03,+3.28125000000E+00
+4.30000E-06,-187.50000000E-03,+3.28125000000E+00
+4.35000E-06,-31.25000000E-03,+3.28125000000E+00
+4.40000E-06,-187.50000000E-03,+3.28125000000E+00
+4.45000E-06,-31.25000000E-03,+3.28125000000E+00
+4.50000E-06,-187.50000000E-03,+3.28125000000E+00
+4.55000E-06,-31.25000000E-03,+3.28125000000E+00
+4.60000E-06,-187.50000000E-03,+3.28125000000E+00
+4.65000E-06,-187.50000000E-03,+3.28125000000E+00
+4.70000E-06,-187.50000000E-03,+3.28125000000E+00
+4.75000E-06,-31.25000000E-03,+3.28125000000E+00
+4.80000E-06,-187.50000000E-03,+3.28125000000E+00
+4.85000E-06,-187.50000000E-03,+3.28125000000E+00
+4.90000E-06,-187.50000000E-03,+3.28125000000E+00
+4.95000E-06,-31.25000000E-03,+3.28125000000E+00
+5.00000E-06,-187.50000000E-03,+3.28125000000E+00
+5.05000E-06,-187.50000000E-03,+3.28125000000E+00
+5.10000E-06,-187.50000000E-03,+3.28125000000E+00
+5.15000E-06,-187.50000000E-03,+3.28125000000E+00
+5.20000E-06,-187.50000000E-03,+3.28125000000E+00
+5.25000E-06,-187.50000000E-03,+3.28125000000E+00
+5.30000E-06,-187.50000000E-03,+3.28125000000E+00
+5.35000E-06,-31.25000000E-03,+3.28125000000E+00
+5.40000E-06,-187.50000000E-03,+3.28125000000E+00
+5.45000E-06,-187.50000000E-03,+3.28125000000E+00
+5.50000E-06,-187.50000000E-03,+3.28125000000E+00
+5.55000E-06,-187.50000000E-03,+3.28125000000E+00
+5.60000E-06,-187.50000000E-03,+3.28125000000E+00
+5.65000E-06,-31.25000000E-03,+3.28125000000E+00
+5.70000E-06,-187.50000000E-03,+3.28125000000E+00
+5.75000E-06,-187.50000000E-03,+3.28125000000E+00
+5.80000E-06,-187.50000000E-03,+3.28125000000E+00
+5.85000E-06,-31.25000000E-03,+3.28125000000E+00
+5.90000E-06,-187.50000000E-03,+3.28125000000E+00
+5.95000E-06,-31.25000000E-03,+3.28125000000E+00
+6.00000E-06,-187.50000000E-03,+3.28125000000E+00
+6.05000E-06,-187.50000000E-03,+3.28125000000E+00
+6.10000E-06,-187.50000000E-03,+3.28125000000E+00
+6.15000E-06,-187.50000000E-03,+3.28125000000E+00
+6.20000E-06,-343.75000000E-03,+3.28125000000E+00
+6.25000E-06,-187.50000000E-03,+3.28125000000E+00
+6.30000E-06,-187.50000000E-03,+3.28125000000E+00
+6.35000E-06,-187.50000000E-03,+3.28125000000E+00
+6.40000E-06,-187.50000000E-03,+3.28125000000E+00
+6.45000E-06,-31.25000000E-03,+3.28125000000E+00
+6.50000E-06,-187.50000000E-03,+3.12500000000E+00
+6.55000E-06,-31.25000000E-03,+3.28125000000E+00
+6.60000E-06,-187.50000000E-03,+3.28125000000E+00
+6.65000E-06,-187.50000000E-03,+3.28125000000E+00
+6.70000E-06,-187.50000000E-03,+3.28125000000E+00
+6.75000E-06,-31.25000000E-03,+3.28125000000E+00
+6.80000E-06,-187.50000000E-03,+3.28125000000E+00
+6.85000E-06,-187.50000000E-03,+3.28125000000E+00
+6.90000E-06,-187.50000000E-03,+3.28125000000E+00
+6.95000E-06,-31.25000000E-03,+3.28125000000E+00
+7.00000E-06,-187.50000000E-03,+3.28125000000E+00
+7.05000E-06,-31.25000000E-03,+3.28125000000E+00
+7.10000E-06,-31.25000000E-03,+3.28125000000E+00
+7.15000E-06,-31.25000000E-03,+3.28125000000E+00
+7.20000E-06,-31.25000000E-03,+3.28125000000E+00
+7.25000E-06,-187.50000000E-03,+3.28125000000E+00
+7.30000E-06,-187.50000000E-03,+3.28125000000E+00
+7.35000E-06,-31.25000000E-03,+3.28125000000E+00
+7.40000E-06,-187.50000000E-03,+3.28125000000E+00
+7.45000E-06,-31.25000000E-03,+3.28125000000E+00
+7.50000E-06,-187.50000000E-03,+3.28125000000E+00
+7.55000E-06,-187.50000000E-03,+3.28125000000E+00
+7.60000E-06,-187.50000000E-03,+3.28125000000E+00
+7.65000E-06,-187.50000000E-03,+3.28125000000E+00
+7.70000E-06,-187.50000000E-03,+3.28125000000E+00
+7.75000E-06,-31.25000000E-03,+3.28125000000E+00
+7.80000E-06,-187.50000000E-03,+3.28125000000E+00
+7.85000E-06,-187.50000000E-03,+3.28125000000E+00
+7.90000E-06,-187.50000000E-03,+3.28125000000E+00
+7.95000E-06,-31.25000000E-03,+3.28125000000E+00
+8.00000E-06,-187.50000000E-03,+3.28125000000E+00
+8.05000E-06,-31.25000000E-03,+3.12500000000E+00
+8.10000E-06,-187.50000000E-03,+3.28125000000E+00
+8.15000E-06,-31.25000000E-03,+3.28125000000E+00
+8.20000E-06,-187.50000000E-03,+3.28125000000E+00
+8.25000E-06,-187.50000000E-03,+3.28125000000E+00
+8.30000E-06,+750.00000000E-03,+3.12500000000E+00
+8.35000E-06,+4.81250000000E+00,+3.28125000000E+00
+8.40000E-06,+4.81250000000E+00,+3.28125000000E+00
+8.45000E-06,+4.81250000000E+00,+3.28125000000E+00
+8.50000E-06,+4.81250000000E+00,+3.12500000000E+00
+8.55000E-06,+4.65625000000E+00,+3.12500000000E+00
+8.60000E-06,+4.81250000000E+00,+3.12500000000E+00
+8.65000E-06,+4.65625000000E+00,+3.12500000000E+00
+8.70000E-06,+4.81250000000E+00,+3.28125000000E+00
+8.75000E-06,+4.81250000000E+00,+3.12500000000E+00
+8.80000E-06,+4.81250000000E+00,+3.28125000000E+00
+8.85000E-06,+4.81250000000E+00,+3.12500000000E+00
+8.90000E-06,+4.81250000000E+00,+3.12500000000E+00
+8.95000E-06,+4.81250000000E+00,+3.28125000000E+00
+9.00000E-06,+4.81250000000E+00,+2.96875000000E+00
+9.05000E-06,+4.81250000000E+00,+2.34375000000E+00
+9.10000E-06,+4.81250000000E+00,+1.56250000000E+00
+9.15000E-06,+4.81250000000E+00,+937.50000000E-03
+9.20000E-06,+4.96875000000E+00,+468.75000000E-03
+9.25000E-06,+4.81250000000E+00,+312.50000000E-03
+9.30000E-06,+4.81250000000E+00,+468.75000000E-03
+9.35000E-06,+4.65625000000E+00,+1.25000000000E+00
+9.40000E-06,+4.81250000000E+00,+625.00000000E-03
+9.45000E-06,+4.81250000000E+00,+312.50000000E-03
+9.50000E-06,+4.81250000000E+00,+312.50000000E-03
+9.55000E-06,+4.81250000000E+00,+312.50000000E-03
+9.60000E-06,+4.96875000000E+00,+312.50000000E-03
+9.65000E-06,+4.81250000000E+00,+312.50000000E-03
+9.70000E-06,+4.81250000000E+00,+468.75000000E-03
+9.75000E-06,+4.81250000000E+00,+312.50000000E-03
+9.80000E-06,+4.81250000000E+00,+312.50000000E-03
+9.85000E-06,+4.81250000000E+00,+312.50000000E-03
+9.90000E-06,+4.81250000000E+00,+312.50000000E-03
+9.95000E-06,+4.81250000000E+00,+312.50000000E-03
+10.00000E-06,+4.81250000000E+00,+312.50000000E-03
+10.05000E-06,+4.81250000000E+00,+312.50000000E-03
+10.10000E-06,+4.81250000000E+00,+312.50000000E-03
+10.15000E-06,+4.81250000000E+00,+312.50000000E-03
+10.20000E-06,+4.96875000000E+00,+312.50000000E-03
+10.25000E-06,+4.81250000000E+00,+312.50000000E-03
+10.30000E-06,+4.81250000000E+00,+468.75000000E-03
+10.35000E-06,+4.65625000000E+00,+468.75000000E-03
+10.40000E-06,+4.81250000000E+00,+312.50000000E-03
+10.45000E-06,+4.81250000000E+00,+468.75000000E-03
+10.50000E-06,+4.81250000000E+00,+468.75000000E-03
+10.55000E-06,+4.81250000000E+00,+312.50000000E-03
+10.60000E-06,+4.81250000000E+00,+312.50000000E-03
+10.65000E-06,+4.81250000000E+00,+312.50000000E-03
+10.70000E-06,+4.96875000000E+00,+468.75000000E-03
+10.75000E-06,+4.81250000000E+00,+312.50000000E-03
+10.80000E-06,+4.81250000000E+00,+312.50000000E-03
+10.85000E-06,+4.81250000000E+00,+312.50000000E-03
+10.90000E-06,+4.96875000000E+00,+312.50000000E-03
+10.95000E-06,+4.81250000000E+00,+312.50000000E-03
+11.00000E-06,+4.81250000000E+00,+468.75000000E-03
+11.05000E-06,+4.81250000000E+00,+468.75000000E-03
+11.10000E-06,+4.81250000000E+00,+312.50000000E-03
+11.15000E-06,+4.81250000000E+00,+312.50000000E-03
+11.20000E-06,+4.81250000000E+00,+468.75000000E-03
+11.25000E-06,+4.81250000000E+00,+312.50000000E-03
+11.30000E-06,+4.81250000000E+00,+312.50000000E-03
+11.35000E-06,+4.65625000000E+00,+312.50000000E-03
+11.40000E-06,+4.81250000000E+00,+312.50000000E-03
+11.45000E-06,+4.81250000000E+00,+312.50000000E-03
+11.50000E-06,+4.96875000000E+00,+312.50000000E-03
+11.55000E-06,+4.65625000000E+00,+312.50000000E-03
+11.60000E-06,+4.81250000000E+00,+312.50000000E-03
+11.65000E-06,+4.81250000000E+00,+312.50000000E-03
+11.70000E-06,+4.81250000000E+00,+468.75000000E-03
+11.75000E-06,+4.81250000000E+00,+468.75000000E-03
+11.80000E-06,+4.81250000000E+00,+468.75000000E-03
+11.85000E-06,+4.81250000000E+00,+312.50000000E-03
+11.90000E-06,+4.81250000000E+00,+312.50000000E-03
+11.95000E-06,+4.65625000000E+00,+312.50000000E-03
+12.00000E-06,+4.81250000000E+00,+468.75000000E-03
+12.05000E-06,+4.81250000000E+00,+312.50000000E-03
+12.10000E-06,+4.81250000000E+00,+312.50000000E-03
+12.15000E-06,+4.65625000000E+00,+312.50000000E-03
+12.20000E-06,+4.81250000000E+00,+312.50000000E-03
+12.25000E-06,+4.65625000000E+00,+312.50000000E-03
+12.30000E-06,+4.81250000000E+00,+312.50000000E-03
+12.35000E-06,+4.81250000000E+00,+468.75000000E-03
+12.40000E-06,+4.81250000000E+00,+468.75000000E-03
+12.45000E-06,+4.81250000000E+00,+468.75000000E-03
+12.50000E-06,+4.81250000000E+00,+468.75000000E-03
+12.55000E-06,+4.65625000000E+00,+468.75000000E-03
+12.60000E-06,+4.81250000000E+00,+468.75000000E-03
+12.65000E-06,+4.81250000000E+00,+468.75000000E-03
+12.70000E-06,+4.65625000000E+00,+312.50000000E-03
+12.75000E-06,+4.81250000000E+00,+312.50000000E-03
+12.80000E-06,+4.81250000000E+00,+312.50000000E-03
+12.85000E-06,+4.81250000000E+00,+312.50000000E-03
+12.90000E-06,+4.81250000000E+00,+312.50000000E-03
+12.95000E-06,+4.81250000000E+00,+312.50000000E-03
+13.00000E-06,+4.81250000000E+00,+312.50000000E-03
+13.05000E-06,+4.81250000000E+00,+468.75000000E-03
+13.10000E-06,+4.81250000000E+00,+468.75000000E-03
+13.15000E-06,+4.81250000000E+00,+468.75000000E-03
+13.20000E-06,+4.81250000000E+00,+468.75000000E-03
+13.25000E-06,+4.65625000000E+00,+468.75000000E-03
+13.30000E-06,+4.81250000000E+00,+312.50000000E-03
+13.35000E-06,+4.81250000000E+00,+312.50000000E-03
+13.40000E-06,+4.81250000000E+00,+312.50000000E-03
+13.45000E-06,+4.81250000000E+00,+312.50000000E-03
+13.50000E-06,+4.65625000000E+00,+312.50000000E-03
+13.55000E-06,+4.81250000000E+00,+468.75000000E-03
+13.60000E-06,+4.81250000000E+00,+468.75000000E-03
+13.65000E-06,+4.81250000000E+00,+468.75000000E-03
+13.70000E-06,+4.96875000000E+00,+468.75000000E-03
+13.75000E-06,+4.81250000000E+00,+468.75000000E-03
+13.80000E-06,+4.81250000000E+00,+312.50000000E-03
+13.85000E-06,+4.81250000000E+00,+312.50000000E-03
+13.90000E-06,+4.65625000000E+00,+312.50000000E-03
+13.95000E-06,+4.81250000000E+00,+625.00000000E-03
+14.00000E-06,+4.81250000000E+00,+312.50000000E-03
+14.05000E-06,+4.81250000000E+00,+468.75000000E-03
+14.10000E-06,+4.65625000000E+00,+312.50000000E-03
+14.15000E-06,+4.81250000000E+00,+312.50000000E-03
+14.20000E-06,+4.81250000000E+00,+312.50000000E-03
+14.25000E-06,+4.81250000000E+00,+312.50000000E-03
+14.30000E-06,+4.81250000000E+00,+312.50000000E-03
+14.35000E-06,+4.81250000000E+00,+312.50000000E-03
+14.40000E-06,+4.81250000000E+00,+468.75000000E-03
+14.45000E-06,+4.81250000000E+00,+156.25000000E-03
+14.50000E-06,+4.81250000000E+00,+0.0E+00
+14.55000E-06,+4.65625000000E+00,+156.25000000E-03
+14.60000E-06,+4.81250000000E+00,+156.25000000E-03
+14.65000E-06,+4.81250000000E+00,+156.25000000E-03
+14.70000E-06,+4.81250000000E+00,+0.0E+00
+14.75000E-06,+4.81250000000E+00,+0.0E+00
+14.80000E-06,+4.81250000000E+00,+156.25000000E-03
+14.85000E-06,+4.81250000000E+00,+156.25000000E-03
+14.90000E-06,+4.81250000000E+00,+156.25000000E-03
+14.95000E-06,+4.81250000000E+00,+312.50000000E-03
+15.00000E-06,+4.81250000000E+00,+312.50000000E-03
+15.05000E-06,+4.81250000000E+00,+468.75000000E-03
+15.10000E-06,+4.81250000000E+00,+312.50000000E-03
+15.15000E-06,+4.81250000000E+00,+625.00000000E-03
+15.20000E-06,+4.81250000000E+00,+937.50000000E-03
+15.25000E-06,+4.81250000000E+00,+1.40625000000E+00
+15.30000E-06,+4.81250000000E+00,+1.71875000000E+00
+15.35000E-06,+4.65625000000E+00,+2.03125000000E+00
+15.40000E-06,+4.81250000000E+00,+2.18750000000E+00
+15.45000E-06,+4.81250000000E+00,+2.34375000000E+00
+15.50000E-06,+4.81250000000E+00,+2.34375000000E+00
+15.55000E-06,+4.81250000000E+00,+2.18750000000E+00
+15.60000E-06,+4.81250000000E+00,+2.03125000000E+00
+15.65000E-06,+4.81250000000E+00,+1.87500000000E+00
+15.70000E-06,+4.81250000000E+00,+1.56250000000E+00
+15.75000E-06,+4.81250000000E+00,+1.09375000000E+00
+15.80000E-06,+4.81250000000E+00,+625.00000000E-03
+15.85000E-06,+4.81250000000E+00,+625.00000000E-03
+15.90000E-06,+4.81250000000E+00,+468.75000000E-03
+15.95000E-06,+4.81250000000E+00,+468.75000000E-03
+16.00000E-06,+4.96875000000E+00,+468.75000000E-03
+16.05000E-06,+4.81250000000E+00,+468.75000000E-03
+16.10000E-06,+4.81250000000E+00,+312.50000000E-03
+16.15000E-06,+4.81250000000E+00,+468.75000000E-03
+16.20000E-06,+4.65625000000E+00,+312.50000000E-03
+16.25000E-06,+4.65625000000E+00,+312.50000000E-03
+16.30000E-06,+4.81250000000E+00,+312.50000000E-03
+16.35000E-06,+4.65625000000E+00,+312.50000000E-03
+16.40000E-06,+4.81250000000E+00,+468.75000000E-03
+16.45000E-06,+4.81250000000E+00,+312.50000000E-03
+16.50000E-06,+4.81250000000E+00,+312.50000000E-03
+16.55000E-06,+4.65625000000E+00,+312.50000000E-03
+16.60000E-06,+4.81250000000E+00,+312.50000000E-03
+16.65000E-06,+4.18750000000E+00,+312.50000000E-03
+16.70000E-06,-343.75000000E-03,+468.75000000E-03
+16.75000E-06,-187.50000000E-03,+468.75000000E-03
+16.80000E-06,-187.50000000E-03,+312.50000000E-03
+16.85000E-06,-31.25000000E-03,+312.50000000E-03
+16.90000E-06,-187.50000000E-03,+312.50000000E-03
+16.95000E-06,-187.50000000E-03,+156.25000000E-03
+17.00000E-06,-187.50000000E-03,+156.25000000E-03
+17.05000E-06,-187.50000000E-03,+156.25000000E-03
+17.10000E-06,-187.50000000E-03,+156.25000000E-03
+17.15000E-06,-31.25000000E-03,+0.0E+00
+17.20000E-06,-343.75000000E-03,+0.0E+00
+17.25000E-06,-187.50000000E-03,+0.0E+00
+17.30000E-06,-187.50000000E-03,+0.0E+00
+17.35000E-06,-187.50000000E-03,+156.25000000E-03
+17.40000E-06,-187.50000000E-03,+312.50000000E-03
+17.45000E-06,-187.50000000E-03,+312.50000000E-03
+17.50000E-06,-343.75000000E-03,+312.50000000E-03
+17.55000E-06,-187.50000000E-03,+468.75000000E-03
+17.60000E-06,-187.50000000E-03,+468.75000000E-03
+17.65000E-06,-31.25000000E-03,+312.50000000E-03
+17.70000E-06,-187.50000000E-03,+468.75000000E-03
+17.75000E-06,-187.50000000E-03,+625.00000000E-03
+17.80000E-06,-187.50000000E-03,+937.50000000E-03
+17.85000E-06,-187.50000000E-03,+1.09375000000E+00
+17.90000E-06,-187.50000000E-03,+1.25000000000E+00
+17.95000E-06,-187.50000000E-03,+1.25000000000E+00
+18.00000E-06,-187.50000000E-03,+1.09375000000E+00
+18.05000E-06,-31.25000000E-03,+937.50000000E-03
+18.10000E-06,-187.50000000E-03,+625.00000000E-03
+18.15000E-06,-187.50000000E-03,+625.00000000E-03
+18.20000E-06,-187.50000000E-03,+468.75000000E-03
+18.25000E-06,-187.50000000E-03,+468.75000000E-03
+18.30000E-06,-187.50000000E-03,+312.50000000E-03
+18.35000E-06,-187.50000000E-03,+312.50000000E-03
+18.40000E-06,-343.75000000E-03,+312.50000000E-03
+18.45000E-06,-187.50000000E-03,+468.75000000E-03
+18.50000E-06,-187.50000000E-03,+468.75000000E-03
+18.55000E-06,-31.25000000E-03,+312.50000000E-03
+18.60000E-06,-343.75000000E-03,+312.50000000E-03
+18.65000E-06,-187.50000000E-03,+468.75000000E-03
+18.70000E-06,-187.50000000E-03,+312.50000000E-03
+18.75000E-06,-31.25000000E-03,+312.50000000E-03
+18.80000E-06,-31.25000000E-03,+468.75000000E-03
+18.85000E-06,-187.50000000E-03,+156.25000000E-03
+18.90000E-06,-187.50000000E-03,+0.0E+00
+18.95000E-06,-187.50000000E-03,+625.00000000E-03
+19.00000E-06,-187.50000000E-03,+2.34375000000E+00
+19.05000E-06,-187.50000000E-03,+3.28125000000E+00
+19.10000E-06,-187.50000000E-03,+3.43750000000E+00
+19.15000E-06,-187.50000000E-03,+3.28125000000E+00
+19.20000E-06,-187.50000000E-03,+3.43750000000E+00
+19.25000E-06,-187.50000000E-03,+3.43750000000E+00
+19.30000E-06,-187.50000000E-03,+3.43750000000E+00
+19.35000E-06,-187.50000000E-03,+3.43750000000E+00
+19.40000E-06,-187.50000000E-03,+3.43750000000E+00
+19.45000E-06,-187.50000000E-03,+3.43750000000E+00
+19.50000E-06,-187.50000000E-03,+3.28125000000E+00
+19.55000E-06,-187.50000000E-03,+3.43750000000E+00
+19.60000E-06,-187.50000000E-03,+3.43750000000E+00
+19.65000E-06,-187.50000000E-03,+3.43750000000E+00
+19.70000E-06,-187.50000000E-03,+3.43750000000E+00
+19.75000E-06,-31.25000000E-03,+3.43750000000E+00
+19.80000E-06,-343.75000000E-03,+3.28125000000E+00
+19.85000E-06,-187.50000000E-03,+3.28125000000E+00
+19.90000E-06,-187.50000000E-03,+3.28125000000E+00
+19.95000E-06,-187.50000000E-03,+3.28125000000E+00
+20.00000E-06,-187.50000000E-03,+3.28125000000E+00
+20.05000E-06,-187.50000000E-03,+3.28125000000E+00
+20.10000E-06,-187.50000000E-03,+3.28125000000E+00
+20.15000E-06,-187.50000000E-03,+3.28125000000E+00
+20.20000E-06,-187.50000000E-03,+3.28125000000E+00
+20.25000E-06,-31.25000000E-03,+3.28125000000E+00
+20.30000E-06,-187.50000000E-03,+3.28125000000E+00
+20.35000E-06,-31.25000000E-03,+3.28125000000E+00
+20.40000E-06,-187.50000000E-03,+3.28125000000E+00
+20.45000E-06,-187.50000000E-03,+3.28125000000E+00
+20.50000E-06,-187.50000000E-03,+3.28125000000E+00
+20.55000E-06,-31.25000000E-03,+3.28125000000E+00
+20.60000E-06,-187.50000000E-03,+3.28125000000E+00
+20.65000E-06,-187.50000000E-03,+3.28125000000E+00
+20.70000E-06,-187.50000000E-03,+3.28125000000E+00
+20.75000E-06,-31.25000000E-03,+3.43750000000E+00
+20.80000E-06,-31.25000000E-03,+3.28125000000E+00
+20.85000E-06,-187.50000000E-03,+3.28125000000E+00
+20.90000E-06,-187.50000000E-03,+3.28125000000E+00
+20.95000E-06,-187.50000000E-03,+3.28125000000E+00
+21.00000E-06,-187.50000000E-03,+3.28125000000E+00
+21.05000E-06,-187.50000000E-03,+3.28125000000E+00
+21.10000E-06,-187.50000000E-03,+3.28125000000E+00
+21.15000E-06,-31.25000000E-03,+3.28125000000E+00
+21.20000E-06,-187.50000000E-03,+3.28125000000E+00
+21.25000E-06,-187.50000000E-03,+3.28125000000E+00
+21.30000E-06,-187.50000000E-03,+3.28125000000E+00
+21.35000E-06,-31.25000000E-03,+3.28125000000E+00
+21.40000E-06,-187.50000000E-03,+3.28125000000E+00
+21.45000E-06,-187.50000000E-03,+3.28125000000E+00
+21.50000E-06,-187.50000000E-03,+3.28125000000E+00
+21.55000E-06,-31.25000000E-03,+3.28125000000E+00
+21.60000E-06,-187.50000000E-03,+3.28125000000E+00
+21.65000E-06,-187.50000000E-03,+3.28125000000E+00
+21.70000E-06,-187.50000000E-03,+3.28125000000E+00
+21.75000E-06,-31.25000000E-03,+3.28125000000E+00
+21.80000E-06,-187.50000000E-03,+3.28125000000E+00
+21.85000E-06,-187.50000000E-03,+3.28125000000E+00
+21.90000E-06,-187.50000000E-03,+3.28125000000E+00
+21.95000E-06,-31.25000000E-03,+3.28125000000E+00
+22.00000E-06,-187.50000000E-03,+3.28125000000E+00
+22.05000E-06,-187.50000000E-03,+3.28125000000E+00
+22.10000E-06,-187.50000000E-03,+3.28125000000E+00
+22.15000E-06,-31.25000000E-03,+3.28125000000E+00
+22.20000E-06,-187.50000000E-03,+3.28125000000E+00
+22.25000E-06,-187.50000000E-03,+3.28125000000E+00
+22.30000E-06,-187.50000000E-03,+3.28125000000E+00
+22.35000E-06,-31.25000000E-03,+3.28125000000E+00
+22.40000E-06,-343.75000000E-03,+3.28125000000E+00
+22.45000E-06,-187.50000000E-03,+3.28125000000E+00
+22.50000E-06,-187.50000000E-03,+3.28125000000E+00
+22.55000E-06,-31.25000000E-03,+3.28125000000E+00
+22.60000E-06,-187.50000000E-03,+3.28125000000E+00
+22.65000E-06,-187.50000000E-03,+3.28125000000E+00
+22.70000E-06,-187.50000000E-03,+3.28125000000E+00
+22.75000E-06,-31.25000000E-03,+3.28125000000E+00
+22.80000E-06,-343.75000000E-03,+3.28125000000E+00
+22.85000E-06,-187.50000000E-03,+3.28125000000E+00
+22.90000E-06,-187.50000000E-03,+3.28125000000E+00
+22.95000E-06,-187.50000000E-03,+3.28125000000E+00
+23.00000E-06,-187.50000000E-03,+3.28125000000E+00
+23.05000E-06,-187.50000000E-03,+3.28125000000E+00
+23.10000E-06,-187.50000000E-03,+3.28125000000E+00
+23.15000E-06,-31.25000000E-03,+3.28125000000E+00
+23.20000E-06,-343.75000000E-03,+3.28125000000E+00
+23.25000E-06,-31.25000000E-03,+3.28125000000E+00
+23.30000E-06,-187.50000000E-03,+3.28125000000E+00
+23.35000E-06,-187.50000000E-03,+3.28125000000E+00
+23.40000E-06,-343.75000000E-03,+3.28125000000E+00
+23.45000E-06,-31.25000000E-03,+3.28125000000E+00
+23.50000E-06,-187.50000000E-03,+3.28125000000E+00
+23.55000E-06,-187.50000000E-03,+3.28125000000E+00
+23.60000E-06,-187.50000000E-03,+3.28125000000E+00
+23.65000E-06,-187.50000000E-03,+3.28125000000E+00
+23.70000E-06,-187.50000000E-03,+3.28125000000E+00
+23.75000E-06,-31.25000000E-03,+3.28125000000E+00
+23.80000E-06,-187.50000000E-03,+3.28125000000E+00
+23.85000E-06,-31.25000000E-03,+3.28125000000E+00
+23.90000E-06,-187.50000000E-03,+3.28125000000E+00
+23.95000E-06,-187.50000000E-03,+3.28125000000E+00
+24.00000E-06,-31.25000000E-03,+3.28125000000E+00
+24.05000E-06,-31.25000000E-03,+3.28125000000E+00
+24.10000E-06,-187.50000000E-03,+3.28125000000E+00
+24.15000E-06,-31.25000000E-03,+3.28125000000E+00
+24.20000E-06,-343.75000000E-03,+3.28125000000E+00
+24.25000E-06,-31.25000000E-03,+3.28125000000E+00
+24.30000E-06,-187.50000000E-03,+3.28125000000E+00
+24.35000E-06,-31.25000000E-03,+3.28125000000E+00
+24.40000E-06,-187.50000000E-03,+3.28125000000E+00
+24.45000E-06,-31.25000000E-03,+3.28125000000E+00
+24.50000E-06,-187.50000000E-03,+3.28125000000E+00
+24.55000E-06,-31.25000000E-03,+3.28125000000E+00
+24.60000E-06,-187.50000000E-03,+3.28125000000E+00
+24.65000E-06,-187.50000000E-03,+3.28125000000E+00
+24.70000E-06,-187.50000000E-03,+3.12500000000E+00
+24.75000E-06,-187.50000000E-03,+3.28125000000E+00
+24.80000E-06,-187.50000000E-03,+3.12500000000E+00
+24.85000E-06,-187.50000000E-03,+3.28125000000E+00
+24.90000E-06,-187.50000000E-03,+3.28125000000E+00
+24.95000E-06,-31.24999998E-03,+3.28125000000E+00
+25.00000E-06,+4.81250000000E+00,+3.28125000000E+00
+25.05000E-06,+4.81250000000E+00,+3.28125000000E+00
+25.10000E-06,+4.81250000000E+00,+3.28125000000E+00
+25.15000E-06,+4.96875000000E+00,+3.28125000000E+00
+25.20000E-06,+4.81250000000E+00,+3.12500000000E+00
+25.25000E-06,+4.81250000000E+00,+3.28125000000E+00
+25.30000E-06,+4.81250000000E+00,+3.28125000000E+00
+25.35000E-06,+4.81250000000E+00,+3.12500000000E+00
+25.40000E-06,+4.81250000000E+00,+3.28125000000E+00
+25.45000E-06,+4.81250000000E+00,+3.28125000000E+00
+25.50000E-06,+4.96875000000E+00,+3.28125000000E+00
+25.55000E-06,+4.81250000000E+00,+3.28125000000E+00
+25.60000E-06,+4.81250000000E+00,+3.28125000000E+00
+25.65000E-06,+4.81250000000E+00,+2.96875000000E+00
+25.70000E-06,+4.81250000000E+00,+2.50000000000E+00
+25.75000E-06,+4.81250000000E+00,+1.71875000000E+00
+25.80000E-06,+4.81250000000E+00,+937.50000000E-03
+25.85000E-06,+4.81250000000E+00,+625.00000000E-03
+25.90000E-06,+4.81250000000E+00,+312.50000000E-03
+25.95000E-06,+4.81250000000E+00,+468.75000000E-03
+26.00000E-06,+4.81250000000E+00,+1.09375000000E+00
+26.05000E-06,+4.81250000000E+00,+1.25000000000E+00
+26.10000E-06,+4.81250000000E+00,+468.75000000E-03
+26.15000E-06,+4.81250000000E+00,+312.50000000E-03
+26.20000E-06,+4.81250000000E+00,+312.50000000E-03
+26.25000E-06,+4.81250000000E+00,+312.50000000E-03
+26.30000E-06,+4.65625000000E+00,+312.50000000E-03
+26.35000E-06,+4.81250000000E+00,+312.50000000E-03
+26.40000E-06,+4.81250000000E+00,+312.50000000E-03
+26.45000E-06,+4.81250000000E+00,+468.75000000E-03
+26.50000E-06,+4.81250000000E+00,+312.50000000E-03
+26.55000E-06,+4.81250000000E+00,+468.75000000E-03
+26.60000E-06,+4.81250000000E+00,+468.75000000E-03
+26.65000E-06,+4.81250000000E+00,+468.75000000E-03
+26.70000E-06,+4.96875000000E+00,+312.50000000E-03
+26.75000E-06,+4.81250000000E+00,+156.25000000E-03
+26.80000E-06,+4.81250000000E+00,+312.50000000E-03
+26.85000E-06,+4.81250000000E+00,+312.50000000E-03
+26.90000E-06,+4.81250000000E+00,+312.50000000E-03
+26.95000E-06,+4.81250000000E+00,+312.50000000E-03
+27.00000E-06,+4.96875000000E+00,+312.50000000E-03
+27.05000E-06,+4.96875000000E+00,+468.75000000E-03
+27.10000E-06,+4.81250000000E+00,+468.75000000E-03
+27.15000E-06,+4.81250000000E+00,+468.75000000E-03
+27.20000E-06,+4.81250000000E+00,+468.75000000E-03
+27.25000E-06,+4.81250000000E+00,+312.50000000E-03
+27.30000E-06,+4.96875000000E+00,+312.50000000E-03
+27.35000E-06,+4.81250000000E+00,+312.50000000E-03
+27.40000E-06,+4.81250000000E+00,+312.50000000E-03
+27.45000E-06,+4.81250000000E+00,+312.50000000E-03
+27.50000E-06,+4.81250000000E+00,+312.50000000E-03
+27.55000E-06,+4.81250000000E+00,+312.50000000E-03
+27.60000E-06,+4.81250000000E+00,+312.50000000E-03
+27.65000E-06,+4.81250000000E+00,+468.75000000E-03
+27.70000E-06,+4.65625000000E+00,+468.75000000E-03
+27.75000E-06,+4.81250000000E+00,+312.50000000E-03
+27.80000E-06,+4.81250000000E+00,+312.50000000E-03
+27.85000E-06,+4.81250000000E+00,+312.50000000E-03
+27.90000E-06,+4.81250000000E+00,+312.50000000E-03
+27.95000E-06,+4.81250000000E+00,+312.50000000E-03
+28.00000E-06,+4.81250000000E+00,+312.50000000E-03
+28.05000E-06,+4.65625000000E+00,+312.50000000E-03
+28.10000E-06,+4.81250000000E+00,+312.50000000E-03
+28.15000E-06,+4.81250000000E+00,+312.50000000E-03
+28.20000E-06,+4.81250000000E+00,+312.50000000E-03
+28.25000E-06,+4.81250000000E+00,+312.50000000E-03
+28.30000E-06,+4.81250000000E+00,+312.50000000E-03
+28.35000E-06,+4.81250000000E+00,+312.50000000E-03
+28.40000E-06,+4.81250000000E+00,+468.75000000E-03
+28.45000E-06,+4.81250000000E+00,+312.50000000E-03
+28.50000E-06,+4.81250000000E+00,+468.75000000E-03
+28.55000E-06,+4.81250000000E+00,+312.50000000E-03
+28.60000E-06,+4.96875000000E+00,+312.50000000E-03
+28.65000E-06,+4.81250000000E+00,+312.50000000E-03
+28.70000E-06,+4.81250000000E+00,+312.50000000E-03
+28.75000E-06,+4.81250000000E+00,+312.50000000E-03
+28.80000E-06,+4.81250000000E+00,+312.50000000E-03
+28.85000E-06,+4.81250000000E+00,+312.50000000E-03
+28.90000E-06,+4.81250000000E+00,+312.50000000E-03
+28.95000E-06,+4.81250000000E+00,+312.50000000E-03
+29.00000E-06,+4.81250000000E+00,+468.75000000E-03
+29.05000E-06,+4.65625000000E+00,+468.75000000E-03
+29.10000E-06,+4.81250000000E+00,+468.75000000E-03
+29.15000E-06,+4.81250000000E+00,+468.75000000E-03
+29.20000E-06,+4.81250000000E+00,+312.50000000E-03
+29.25000E-06,+4.81250000000E+00,+312.50000000E-03
+29.30000E-06,+4.81250000000E+00,+468.75000000E-03
+29.35000E-06,+4.81250000000E+00,+312.50000000E-03
+29.40000E-06,+4.96875000000E+00,+468.75000000E-03
+29.45000E-06,+4.81250000000E+00,+312.50000000E-03
+29.50000E-06,+4.81250000000E+00,+312.50000000E-03
+29.55000E-06,+4.81250000000E+00,+468.75000000E-03
+29.60000E-06,+4.65625000000E+00,+312.50000000E-03
+29.65000E-06,+4.81250000000E+00,+312.50000000E-03
+29.70000E-06,+4.65625000000E+00,+312.50000000E-03
+29.75000E-06,+4.81250000000E+00,+468.75000000E-03
+29.80000E-06,+4.81250000000E+00,+468.75000000E-03
+29.85000E-06,+4.81250000000E+00,+468.75000000E-03
+29.90000E-06,+4.65625000000E+00,+468.75000000E-03
+29.95000E-06,+4.81250000000E+00,+468.75000000E-03
+30.00000E-06,+4.81250000000E+00,+312.50000000E-03
+30.05000E-06,+4.96875000000E+00,+312.50000000E-03
+30.10000E-06,+4.81250000000E+00,+312.50000000E-03
+30.15000E-06,+4.65625000000E+00,+312.50000000E-03
+30.20000E-06,+4.81250000000E+00,+312.50000000E-03
+30.25000E-06,+4.81250000000E+00,+468.75000000E-03
+30.30000E-06,+4.81250000000E+00,+312.50000000E-03
+30.35000E-06,+4.81250000000E+00,+468.75000000E-03
+30.40000E-06,+4.81250000000E+00,+468.75000000E-03
+30.45000E-06,+4.81250000000E+00,+312.50000000E-03
+30.50000E-06,+4.81250000000E+00,+468.75000000E-03
+30.55000E-06,+4.65625000000E+00,+468.75000000E-03
+30.60000E-06,+4.81250000000E+00,+312.50000000E-03
+30.65000E-06,+4.81250000000E+00,+468.75000000E-03
+30.70000E-06,+4.81250000000E+00,+468.75000000E-03
+30.75000E-06,+4.81250000000E+00,+468.75000000E-03
+30.80000E-06,+4.81250000000E+00,+468.75000000E-03
+30.85000E-06,+4.81250000000E+00,+312.50000000E-03
+30.90000E-06,+4.81250000000E+00,+312.50000000E-03
+30.95000E-06,+4.81250000000E+00,+468.75000000E-03
+31.00000E-06,+4.81250000000E+00,+156.25000000E-03
+31.05000E-06,+4.81250000000E+00,+312.50000000E-03
+31.10000E-06,+4.81250000000E+00,+156.25000000E-03
+31.15000E-06,+4.81250000000E+00,+156.25000000E-03
+31.20000E-06,+4.81250000000E+00,+156.25000000E-03
+31.25000E-06,+4.81250000000E+00,+312.50000000E-03
+31.30000E-06,+4.65625000000E+00,+156.25000000E-03
+31.35000E-06,+4.81250000000E+00,+156.25000000E-03
+31.40000E-06,+4.81250000000E+00,+156.25000000E-03
+31.45000E-06,+4.81250000000E+00,+0.0E+00
+31.50000E-06,+4.81250000000E+00,+156.25000000E-03
+31.55000E-06,+4.81250000000E+00,+156.25000000E-03
+31.60000E-06,+4.81250000000E+00,+312.50000000E-03
+31.65000E-06,+4.81250000000E+00,+312.50000000E-03
+31.70000E-06,+4.81250000000E+00,+468.75000000E-03
+31.75000E-06,+4.81250000000E+00,+312.50000000E-03
+31.80000E-06,+4.65625000000E+00,+468.75000000E-03
+31.85000E-06,+4.65625000000E+00,+937.50000000E-03
+31.90000E-06,+4.81250000000E+00,+1.09375000000E+00
+31.95000E-06,+4.81250000000E+00,+1.56250000000E+00
+32.00000E-06,+4.81250000000E+00,+1.87500000000E+00
+32.05000E-06,+4.81250000000E+00,+2.18750000000E+00
+32.10000E-06,+4.81250000000E+00,+2.34375000000E+00
+32.15000E-06,+4.81250000000E+00,+2.34375000000E+00
+32.20000E-06,+4.81250000000E+00,+2.34375000000E+00
+32.25000E-06,+4.81250000000E+00,+2.18750000000E+00
+32.30000E-06,+4.81250000000E+00,+1.87500000000E+00
+32.35000E-06,+4.65625000000E+00,+1.71875000000E+00
+32.40000E-06,+4.81250000000E+00,+1.25000000000E+00
+32.45000E-06,+4.81250000000E+00,+781.25000000E-03
+32.50000E-06,+4.81250000000E+00,+468.75000000E-03
+32.55000E-06,+4.65625000000E+00,+468.75000000E-03
+32.60000E-06,+4.81250000000E+00,+468.75000000E-03
+32.65000E-06,+4.81250000000E+00,+312.50000000E-03
+32.70000E-06,+4.81250000000E+00,+625.00000000E-03
+32.75000E-06,+4.81250000000E+00,+312.50000000E-03
+32.80000E-06,+4.81250000000E+00,+312.50000000E-03
+32.85000E-06,+4.81250000000E+00,+312.50000000E-03
+32.90000E-06,+4.81250000000E+00,+312.50000000E-03
+32.95000E-06,+4.81250000000E+00,+312.50000000E-03
+33.00000E-06,+4.81250000000E+00,+468.75000000E-03
+33.05000E-06,+4.96875000000E+00,+468.75000000E-03
+33.10000E-06,+4.81250000000E+00,+312.50000000E-03
+33.15000E-06,+4.81250000000E+00,+468.75000000E-03
+33.20000E-06,+4.81250000000E+00,+468.75000000E-03
+33.25000E-06,+4.81250000000E+00,+312.50000000E-03
+33.30000E-06,+4.81249999996E+00,+468.75000000E-03
+33.35000E-06,-31.25000000E-03,+312.50000000E-03
+33.40000E-06,-187.50000000E-03,+468.75000000E-03
+33.45000E-06,-31.25000000E-03,+312.50000000E-03
+33.50000E-06,-187.50000000E-03,+312.50000000E-03
+33.55000E-06,-31.25000000E-03,+312.50000000E-03
+33.60000E-06,-343.75000000E-03,+156.25000000E-03
+33.65000E-06,-31.25000000E-03,+312.50000000E-03
+33.70000E-06,-187.50000000E-03,+312.50000000E-03
+33.75000E-06,-31.25000000E-03,+156.25000000E-03
+33.80000E-06,-343.75000000E-03,+156.25000000E-03
+33.85000E-06,-187.50000000E-03,+156.25000000E-03
+33.90000E-06,-187.50000000E-03,+156.25000000E-03
+33.95000E-06,-31.25000000E-03,+156.25000000E-03
+34.00000E-06,-343.75000000E-03,+156.25000000E-03
+34.05000E-06,-187.50000000E-03,+156.25000000E-03
+34.10000E-06,-187.50000000E-03,+156.25000000E-03
+34.15000E-06,-187.50000000E-03,+312.50000000E-03
+34.20000E-06,-187.50000000E-03,+312.50000000E-03
+34.25000E-06,-187.50000000E-03,+468.75000000E-03
+34.30000E-06,-187.50000000E-03,+468.75000000E-03
+34.35000E-06,-187.50000000E-03,+468.75000000E-03
+34.40000E-06,-187.50000000E-03,+625.00000000E-03
+34.45000E-06,-187.50000000E-03,+937.50000000E-03
+34.50000E-06,-187.50000000E-03,+1.09375000000E+00
+34.55000E-06,-187.50000000E-03,+1.25000000000E+00
+34.60000E-06,-187.50000000E-03,+1.25000000000E+00
+34.65000E-06,-187.50000000E-03,+1.09375000000E+00
+34.70000E-06,-187.50000000E-03,+937.50000000E-03
+34.75000E-06,-187.50000000E-03,+781.25000000E-03
+34.80000E-06,-187.50000000E-03,+625.00000000E-03
+34.85000E-06,-187.50000000E-03,+468.75000000E-03
+34.90000E-06,-187.50000000E-03,+312.50000000E-03
+34.95000E-06,-187.50000000E-03,+468.75000000E-03
+35.00000E-06,-187.50000000E-03,+625.00000000E-03
+35.05000E-06,-187.50000000E-03,+468.75000000E-03
+35.10000E-06,-187.50000000E-03,+312.50000000E-03
+35.15000E-06,-187.50000000E-03,+312.50000000E-03
+35.20000E-06,-187.50000000E-03,+312.50000000E-03
+35.25000E-06,-187.50000000E-03,+312.50000000E-03
+35.30000E-06,-187.50000000E-03,+312.50000000E-03
+35.35000E-06,-31.25000000E-03,+468.75000000E-03
+35.40000E-06,-187.50000000E-03,+468.75000000E-03
+35.45000E-06,-31.25000000E-03,+312.50000000E-03
+35.50000E-06,-187.50000000E-03,+468.74999999E-03
+35.55000E-06,-31.25000000E-03,-156.25000000E-03
+35.60000E-06,-187.50000000E-03,+156.25000001E-03
+35.65000E-06,-187.50000000E-03,+1.87500000001E+00
+35.70000E-06,-187.50000000E-03,+3.12500000000E+00
+35.75000E-06,-31.25000000E-03,+3.43750000000E+00
+35.80000E-06,-343.75000000E-03,+3.43750000000E+00
+35.85000E-06,-187.50000000E-03,+3.43750000000E+00
+35.90000E-06,-187.50000000E-03,+3.28125000000E+00
+35.95000E-06,-187.50000000E-03,+3.43750000000E+00
+36.00000E-06,-187.50000000E-03,+3.28125000000E+00
+36.05000E-06,-187.50000000E-03,+3.28125000000E+00
+36.10000E-06,-187.50000000E-03,+3.43750000000E+00
+36.15000E-06,-31.25000000E-03,+3.28125000000E+00
+36.20000E-06,-343.75000000E-03,+3.28125000000E+00
+36.25000E-06,-187.50000000E-03,+3.28125000000E+00
+36.30000E-06,-187.50000000E-03,+3.28125000000E+00
+36.35000E-06,-187.50000000E-03,+3.43750000000E+00
+36.40000E-06,-187.50000000E-03,+3.28125000000E+00
+36.45000E-06,-187.50000000E-03,+3.28125000000E+00
+36.50000E-06,-187.50000000E-03,+3.28125000000E+00
+36.55000E-06,-31.25000000E-03,+3.28125000000E+00
+36.60000E-06,-187.50000000E-03,+3.28125000000E+00
+36.65000E-06,-187.50000000E-03,+3.28125000000E+00
+36.70000E-06,-187.50000000E-03,+3.28125000000E+00
+36.75000E-06,-187.50000000E-03,+3.28125000000E+00
+36.80000E-06,-343.75000000E-03,+3.28125000000E+00
+36.85000E-06,-31.25000000E-03,+3.28125000000E+00
+36.90000E-06,-187.50000000E-03,+3.28125000000E+00
+36.95000E-06,-187.50000000E-03,+3.28125000000E+00
+37.00000E-06,-187.50000000E-03,+3.28125000000E+00
+37.05000E-06,-187.50000000E-03,+3.28125000000E+00
+37.10000E-06,-187.50000000E-03,+3.28125000000E+00
+37.15000E-06,-31.25000000E-03,+3.28125000000E+00
+37.20000E-06,-187.50000000E-03,+3.28125000000E+00
+37.25000E-06,-31.25000000E-03,+3.28125000000E+00
+37.30000E-06,-31.25000000E-03,+3.28125000000E+00
+37.35000E-06,-31.25000000E-03,+3.28125000000E+00
+37.40000E-06,-343.75000000E-03,+3.28125000000E+00
+37.45000E-06,-187.50000000E-03,+3.28125000000E+00
+37.50000E-06,-187.50000000E-03,+3.28125000000E+00
+37.55000E-06,-187.50000000E-03,+3.28125000000E+00
+37.60000E-06,-187.50000000E-03,+3.28125000000E+00
+37.65000E-06,-187.50000000E-03,+3.28125000000E+00
+37.70000E-06,-187.50000000E-03,+3.28125000000E+00
