x-axis,1,2,4
second,Volt,Volt,Volt
+3.28000E-06,+156.25000000E-03,+16.03125000000E+00,+0.0E+00
+3.30000E-06,+0.0E+00,+16.03125000000E+00,-156.25000000E-03
+3.32000E-06,+0.0E+00,+16.18750000000E+00,-0.0E+00
+3.34000E-06,+0.0E+00,+16.18750000000E+00,+0.0E+00
+3.36000E-06,+156.25000000E-03,+16.50000000000E+00,+0.0E+00
+3.38000E-06,+156.25000000E-03,+16.50000000000E+00,+0.0E+00
+3.40000E-06,+156.25000000E-03,+16.50000000000E+00,-156.25000000E-03
+3.42000E-06,+156.25000000E-03,+16.50000000000E+00,-0.0E+00
+3.44000E-06,+0.0E+00,+16.65625000000E+00,+0.0E+00
+3.46000E-06,+156.25000000E-03,+16.50000000000E+00,-156.25000000E-03
+3.48000E-06,+156.25000000E-03,+16.81250000000E+00,-312.50000000E-03
+3.50000E-06,+156.25000000E-03,+16.65625000000E+00,-156.25000000E-03
+3.52000E-06,+156.25000000E-03,+16.81250000000E+00,-156.25000000E-03
+3.54000E-06,+156.25000000E-03,+16.81250000000E+00,-312.50000000E-03
+3.56000E-06,+156.25000000E-03,+16.96875000000E+00,-156.25000000E-03
+3.58000E-06,+0.0E+00,+16.96875000000E+00,-0.0E+00
+3.60000E-06,+312.50000000E-03,+16.96875000000E+00,-156.25000000E-03
+3.62000E-06,+156.25000000E-03,+16.96875000000E+00,-156.25000000E-03
+3.64000E-06,+156.25000000E-03,+16.96875000000E+00,-0.0E+00
+3.66000E-06,+156.25000000E-03,+16.96875000000E+00,+0.0E+00
+3.68000E-06,+156.25000000E-03,+16.96875000000E+00,-156.25000000E-03
+3.70000E-06,+156.25000000E-03,+16.96875000000E+00,-156.25000000E-03
+3.72000E-06,+0.0E+00,+17.12500000000E+00,-156.25000000E-03
+3.74000E-06,+0.0E+00,+16.96875000000E+00,-156.25000000E-03
+3.76000E-06,+0.0E+00,+16.96875000000E+00,-156.25000000E-03
+3.78000E-06,+156.25000000E-03,+17.12500000000E+00,-0.0E+00
+3.80000E-06,+0.0E+00,+17.12500000000E+00,-156.25000000E-03
+3.82000E-06,+0.0E+00,+16.96875000000E+00,-0.0E+00
+3.84000E-06,+0.0E+00,+17.12500000000E+00,-156.25000000E-03
+3.86000E-06,+0.0E+00,+17.12500000000E+00,-0.0E+00
+3.88000E-06,+0.0E+00,+17.12500000000E+00,-156.25000000E-03
+3.90000E-06,+156.25000000E-03,+17.12500000000E+00,-0.0E+00
+3.92000E-06,+156.25000000E-03,+17.28125000000E+00,-156.25000000E-03
+3.94000E-06,+0.0E+00,+17.12500000000E+00,-0.0E+00
+3.96000E-06,+156.25000000E-03,+17.12500000000E+00,+0.0E+00
+3.98000E-06,+0.0E+00,+17.12500000000E+00,+0.0E+00
+4.00000E-06,+156.25000000E-03,+17.28125000000E+00,-156.25000000E-03
+4.02000E-06,+156.25000000E-03,+17.12500000000E+00,-156.25000000E-03
+4.04000E-06,+156.25000000E-03,+17.28125000000E+00,-156.25000000E-03
+4.06000E-06,+0.0E+00,+17.12500000000E+00,-0.0E+00
+4.08000E-06,+156.25000000E-03,+17.12500000000E+00,-156.25000000E-03
+4.10000E-06,+156.25000000E-03,+17.28125000000E+00,-0.0E+00
+4.12000E-06,+156.25000000E-03,+17.28125000000E+00,-156.25000000E-03
+4.14000E-06,+156.25000000E-03,+17.12500000000E+00,-156.25000000E-03
+4.16000E-06,+156.25000000E-03,+17.12500000000E+00,-156.25000000E-03
+4.18000E-06,+156.25000000E-03,+17.12500000000E+00,-0.0E+00
+4.20000E-06,+156.25000000E-03,+17.28125000000E+00,-156.25000000E-03
+4.22000E-06,+156.25000000E-03,+17.12500000000E+00,-0.0E+00
+4.24000E-06,+156.25000000E-03,+17.28125000000E+00,-156.25000000E-03
+4.26000E-06,+156.25000000E-03,+17.28125000000E+00,-0.0E+00
+4.28000E-06,+156.25000000E-03,+17.28125000000E+00,-156.25000000E-03
+4.30000E-06,+156.25000000E-03,+17.12500000000E+00,-0.0E+00
+4.32000E-06,+156.25000000E-03,+17.28125000000E+00,-156.25000000E-03
+4.34000E-06,+156.25000000E-03,+17.12500000000E+00,-0.0E+00
+4.36000E-06,+156.25000000E-03,+17.28125000000E+00,-156.25000000E-03
+4.38000E-06,+156.25000000E-03,+17.28125000000E+00,-156.25000000E-03
+4.40000E-06,+156.25000000E-03,+17.28125000000E+00,-0.0E+00
+4.42000E-06,+156.25000000E-03,+17.28125000000E+00,+0.0E+00
+4.44000E-06,+156.25000000E-03,+17.28125000000E+00,-156.25000000E-03
+4.46000E-06,+156.25000000E-03,+17.28125000000E+00,-0.0E+00
+4.48000E-06,+0.0E+00,+17.28125000000E+00,+0.0E+00
+4.50000E-06,+156.25000000E-03,+17.12500000000E+00,+0.0E+00
+4.52000E-06,+156.25000000E-03,+17.28125000000E+00,-156.25000000E-03
+4.54000E-06,+156.25000000E-03,+17.12500000000E+00,-0.0E+00
+4.56000E-06,+156.25000000E-03,+17.28125000000E+00,+0.0E+00
+4.58000E-06,+156.25000000E-03,+17.28125000000E+00,+0.0E+00
+4.60000E-06,+312.50000000E-03,+17.28125000000E+00,-156.25000000E-03
+4.62000E-06,+156.25000000E-03,+17.28125000000E+00,-0.0E+00
+4.64000E-06,+156.25000000E-03,+17.12500000000E+00,-156.25000000E-03
+4.66000E-06,+156.25000000E-03,+17.28125000000E+00,-156.25000000E-03
+4.68000E-06,+0.0E+00,+17.12500000000E+00,-156.25000000E-03
+4.70000E-06,+156.25000000E-03,+17.12500000000E+00,-0.0E+00
+4.72000E-06,+156.25000000E-03,+17.28125000000E+00,-156.25000000E-03
+4.74000E-06,+156.25000000E-03,+17.12500000000E+00,-0.0E+00
+4.76000E-06,+156.25000000E-03,+17.28125000000E+00,-156.25000000E-03
+4.78000E-06,+0.0E+00,+17.12500000000E+00,-0.0E+00
+4.80000E-06,+312.50000000E-03,+17.28125000000E+00,-156.25000000E-03
+4.82000E-06,+156.25000000E-03,+17.28125000000E+00,-156.25000000E-03
+4.84000E-06,+156.25000000E-03,+17.28125000000E+00,-0.0E+00
+4.86000E-06,+156.25000000E-03,+17.28125000000E+00,-156.25000000E-03
+4.88000E-06,+156.25000000E-03,+17.28125000000E+00,-0.0E+00
+4.90000E-06,+156.25000000E-03,+17.12500000000E+00,-156.25000000E-03
+4.92000E-06,+156.25000000E-03,+17.28125000000E+00,-156.25000000E-03
+4.94000E-06,+156.25000000E-03,+17.12500000000E+00,-156.25000000E-03
+4.96000E-06,+156.25000000E-03,+17.28125000000E+00,-156.25000000E-03
+4.98000E-06,+156.25000000E-03,+17.12500000000E+00,-0.0E+00
+5.00000E-06,+156.25000000E-03,+17.28125000000E+00,-156.25000000E-03
+5.02000E-06,+156.25000000E-03,+17.12500000000E+00,-0.0E+00
+5.04000E-06,+156.25000000E-03,+17.28125000000E+00,-156.25000000E-03
+5.06000E-06,+0.0E+00,+17.12500000000E+00,-156.25000000E-03
+5.08000E-06,+156.25000000E-03,+17.43750000000E+00,-312.50000000E-03
+5.10000E-06,+156.25000000E-03,+17.28125000000E+00,-156.25000000E-03
+5.12000E-06,+156.25000000E-03,+17.28125000000E+00,-156.25000000E-03
+5.14000E-06,+156.25000000E-03,+17.28125000000E+00,-0.0E+00
+5.16000E-06,+156.25000000E-03,+17.28125000000E+00,-156.25000000E-03
+5.18000E-06,+156.25000000E-03,+17.28125000000E+00,-156.25000000E-03
+5.20000E-06,+312.50000000E-03,+17.28125000000E+00,-156.25000000E-03
+5.22000E-06,+156.25000000E-03,+17.28125000000E+00,-156.25000000E-03
+5.24000E-06,+156.25000000E-03,+17.28125000000E+00,-0.0E+00
+5.26000E-06,+156.25000000E-03,+17.28125000000E+00,+0.0E+00
+5.28000E-06,+0.0E+00,+17.28125000000E+00,-156.25000000E-03
+5.30000E-06,+156.25000000E-03,+17.28125000000E+00,-0.0E+00
+5.32000E-06,+156.25000000E-03,+17.28125000000E+00,-156.25000000E-03
+5.34000E-06,+156.25000000E-03,+17.12500000000E+00,-0.0E+00
+5.36000E-06,+156.25000000E-03,+17.28125000000E+00,-156.25000000E-03
+5.38000E-06,+156.25000000E-03,+17.28125000000E+00,-0.0E+00
+5.40000E-06,+0.0E+00,+17.28125000000E+00,-156.25000000E-03
+5.42000E-06,+156.25000000E-03,+17.12500000000E+00,-0.0E+00
+5.44000E-06,+312.50000000E-03,+17.28125000000E+00,-156.25000000E-03
+5.46000E-06,+156.25000000E-03,+17.28125000000E+00,-0.0E+00
+5.48000E-06,+156.25000000E-03,+17.43750000000E+00,-156.25000000E-03
+5.50000E-06,+156.25000000E-03,+17.12500000000E+00,-0.0E+00
+5.52000E-06,+156.25000000E-03,+17.28125000000E+00,+0.0E+00
+5.54000E-06,+156.25000000E-03,+17.28125000000E+00,-156.25000000E-03
+5.56000E-06,+0.0E+00,+17.28125000000E+00,-156.25000000E-03
+5.58000E-06,+156.25000000E-03,+17.12500000000E+00,-0.0E+00
+5.60000E-06,+156.25000000E-03,+17.43750000000E+00,-156.25000000E-03
+5.62000E-06,+156.25000000E-03,+17.28125000000E+00,-156.25000000E-03
+5.64000E-06,+156.25000000E-03,+17.28125000000E+00,-0.0E+00
+5.66000E-06,+156.25000000E-03,+17.12500000000E+00,+0.0E+00
+5.68000E-06,+156.25000000E-03,+17.12500000000E+00,-156.25000000E-03
+5.70000E-06,+0.0E+00,+17.12500000000E+00,-0.0E+00
+5.72000E-06,+156.25000000E-03,+17.28125000000E+00,-156.25000000E-03
+5.74000E-06,+156.25000000E-03,+17.28125000000E+00,-0.0E+00
+5.76000E-06,+156.25000000E-03,+17.28125000000E+00,-156.25000000E-03
+5.78000E-06,+0.0E+00,+17.28125000000E+00,-156.25000000E-03
+5.80000E-06,+156.25000000E-03,+17.28125000000E+00,-156.25000000E-03
+5.82000E-06,+156.25000000E-03,+17.28125000000E+00,-0.0E+00
+5.84000E-06,+156.25000000E-03,+17.28125000000E+00,-156.25000000E-03
+5.86000E-06,+156.25000000E-03,+17.28125000000E+00,-0.0E+00
+5.88000E-06,+156.25000000E-03,+17.28125000000E+00,+0.0E+00
+5.90000E-06,+156.25000000E-03,+17.28125000000E+00,+0.0E+00
+5.92000E-06,+156.25000000E-03,+17.28125000000E+00,-156.25000000E-03
+5.94000E-06,+0.0E+00,+17.28125000000E+00,-0.0E+00
+5.96000E-06,+156.25000000E-03,+17.28125000000E+00,+0.0E+00
+5.98000E-06,+0.0E+00,+17.28125000000E+00,+0.0E+00
+6.00000E-06,+312.50000000E-03,+17.28125000000E+00,+0.0E+00
+6.02000E-06,+156.25000000E-03,+17.28125000000E+00,-156.25000000E-03
+6.04000E-06,+0.0E+00,+17.43750000000E+00,-156.25000000E-03
+6.06000E-06,+156.25000000E-03,+17.28125000000E+00,-0.0E+00
+6.08000E-06,+312.50000000E-03,+17.43750000000E+00,-156.25000000E-03
+6.10000E-06,+156.25000000E-03,+17.28125000000E+00,-156.25000000E-03
+6.12000E-06,+156.25000000E-03,+17.43750000000E+00,-156.25000000E-03
+6.14000E-06,+156.25000000E-03,+17.28125000000E+00,-156.25000000E-03
+6.16000E-06,+156.25000000E-03,+17.28125000000E+00,-0.0E+00
+6.18000E-06,+156.25000000E-03,+17.28125000000E+00,+0.0E+00
+6.20000E-06,+312.50000000E-03,+17.28125000000E+00,-156.25000000E-03
+6.22000E-06,+156.25000000E-03,+17.28125000000E+00,-0.0E+00
+6.24000E-06,+156.25000000E-03,+17.28125000000E+00,-156.25000000E-03
+6.26000E-06,+156.25000000E-03,+17.28125000000E+00,-156.25000000E-03
+6.28000E-06,+156.25000000E-03,+17.28125000000E+00,-156.25000000E-03
+6.30000E-06,+156.25000000E-03,+17.28125000000E+00,-0.0E+00
+6.32000E-06,+156.25000000E-03,+17.28125000000E+00,-156.25000000E-03
+6.34000E-06,+156.25000000E-03,+17.28125000000E+00,-156.25000000E-03
+6.36000E-06,+156.25000000E-03,+17.43750000000E+00,-156.25000000E-03
+6.38000E-06,+156.25000000E-03,+17.12500000000E+00,-156.25000000E-03
+6.40000E-06,+156.25000000E-03,+17.28125000000E+00,-0.0E+00
+6.42000E-06,+156.25000000E-03,+17.28125000000E+00,-156.25000000E-03
+6.44000E-06,+156.25000000E-03,+17.43750000000E+00,-0.0E+00
+6.46000E-06,+156.25000000E-03,+17.28125000000E+00,-156.25000000E-03
+6.48000E-06,+156.25000000E-03,+17.28125000000E+00,-156.25000000E-03
+6.50000E-06,+0.0E+00,+17.28125000000E+00,-0.0E+00
+6.52000E-06,+0.0E+00,+17.43750000000E+00,+0.0E+00
+6.54000E-06,+156.25000000E-03,+17.28125000000E+00,-156.25000000E-03
+6.56000E-06,+312.50000000E-03,+17.28125000000E+00,-156.25000000E-03
+6.58000E-06,+156.25000000E-03,+17.43750000000E+00,-0.0E+00
+6.60000E-06,+156.25000000E-03,+17.28125000000E+00,-156.25000000E-03
+6.62000E-06,+156.25000000E-03,+17.28125000000E+00,-0.0E+00
+6.64000E-06,+156.25000000E-03,+17.43750000000E+00,-156.25000000E-03
+6.66000E-06,+156.25000000E-03,+17.28125000000E+00,-0.0E+00
+6.68000E-06,+156.25000000E-03,+17.43750000000E+00,-156.25000000E-03
+6.70000E-06,+156.25000000E-03,+17.28125000000E+00,-0.0E+00
+6.72000E-06,+156.25000000E-03,+17.28125000000E+00,-156.25000000E-03
+6.74000E-06,+156.25000000E-03,+17.28125000000E+00,-0.0E+00
+6.76000E-06,+0.0E+00,+17.28125000000E+00,-156.25000000E-03
+6.78000E-06,+156.25000000E-03,+17.28125000000E+00,-0.0E+00
+6.80000E-06,+156.25000000E-03,+17.28125000000E+00,-156.25000000E-03
+6.82000E-06,+156.25000000E-03,+17.12500000000E+00,-0.0E+00
+6.84000E-06,+156.25000000E-03,+17.12500000000E+00,-156.25000000E-03
+6.86000E-06,+156.25000000E-03,+17.28125000000E+00,-0.0E+00
+6.88000E-06,+156.25000000E-03,+17.28125000000E+00,+0.0E+00
+6.90000E-06,+0.0E+00,+17.43750000000E+00,+0.0E+00
+6.92000E-06,+156.25000000E-03,+17.43750000000E+00,-156.25000000E-03
+6.94000E-06,+156.25000000E-03,+17.28125000000E+00,-156.25000000E-03
+6.96000E-06,+156.25000000E-03,+17.28125000000E+00,-156.25000000E-03
+6.98000E-06,+156.25000000E-03,+17.28125000000E+00,-156.25000000E-03
+7.00000E-06,+0.0E+00,+17.28125000000E+00,-156.25000000E-03
+7.02000E-06,+156.25000000E-03,+17.28125000000E+00,-0.0E+00
+7.04000E-06,+312.50000000E-03,+17.28125000000E+00,-156.25000000E-03
+7.06000E-06,+156.25000000E-03,+17.28125000000E+00,-0.0E+00
+7.08000E-06,+156.25000000E-03,+17.28125000000E+00,+0.0E+00
+7.10000E-06,+156.25000000E-03,+17.28125000000E+00,+0.0E+00
+7.12000E-06,+312.50000000E-03,+17.28125000000E+00,-156.25000000E-03
+7.14000E-06,+156.25000000E-03,+17.12500000000E+00,-156.25000000E-03
+7.16000E-06,+312.50000000E-03,+17.28125000000E+00,-156.25000000E-03
+7.18000E-06,+0.0E+00,+17.28125000000E+00,-156.25000000E-03
+7.20000E-06,+312.50000000E-03,+17.28125000000E+00,-156.25000000E-03
+7.22000E-06,+156.25000000E-03,+17.12500000000E+00,-156.25000000E-03
+7.24000E-06,+156.25000000E-03,+17.28125000000E+00,-156.25000000E-03
+7.26000E-06,+156.25000000E-03,+17.28125000000E+00,-0.0E+00
+7.28000E-06,+156.25000000E-03,+17.43750000000E+00,-156.25000000E-03
+7.30000E-06,+156.25000000E-03,+17.28125000000E+00,-0.0E+00
+7.32000E-06,+156.25000000E-03,+17.28125000000E+00,-156.25000000E-03
+7.34000E-06,+156.25000000E-03,+17.28125000000E+00,-156.25000000E-03
+7.36000E-06,+0.0E+00,+17.43750000000E+00,-0.0E+00
+7.38000E-06,+156.25000000E-03,+17.28125000000E+00,+0.0E+00
+7.40000E-06,+156.25000000E-03,+17.28125000000E+00,-156.25000000E-03
+7.42000E-06,+156.25000000E-03,+17.28125000000E+00,-0.0E+00
+7.44000E-06,+156.25000000E-03,+17.43750000000E+00,+0.0E+00
+7.46000E-06,+156.25000000E-03,+17.12500000000E+00,-156.25000000E-03
+7.48000E-06,+312.50000000E-03,+17.43750000000E+00,-312.50000000E-03
+7.50000E-06,+156.25000000E-03,+17.28125000000E+00,-0.0E+00
+7.52000E-06,+312.50000000E-03,+17.28125000000E+00,-156.25000000E-03
+7.54000E-06,+156.25000000E-03,+17.12500000000E+00,-156.25000000E-03
+7.56000E-06,+156.25000000E-03,+17.28125000000E+00,-156.25000000E-03
+7.58000E-06,+156.25000000E-03,+17.28125000000E+00,-156.25000000E-03
+7.60000E-06,+156.25000000E-03,+17.43750000000E+00,-0.0E+00
+7.62000E-06,+156.25000000E-03,+17.28125000000E+00,+0.0E+00
+7.64000E-06,+156.25000000E-03,+17.28125000000E+00,+0.0E+00
+7.66000E-06,+156.25000000E-03,+17.28125000000E+00,+0.0E+00
+7.68000E-06,+156.25000000E-03,+17.28125000000E+00,-156.25000000E-03
+7.70000E-06,+156.25000000E-03,+17.12500000000E+00,-0.0E+00
+7.72000E-06,+156.25000000E-03,+17.28125000000E+00,-156.25000000E-03
+7.74000E-06,+312.50000000E-03,+17.28125000000E+00,-156.25000000E-03
+7.76000E-06,+156.25000000E-03,+17.28125000000E+00,-156.25000000E-03
+7.78000E-06,+156.25000000E-03,+17.28125000000E+00,-0.0E+00
+7.80000E-06,+156.25000000E-03,+17.28125000000E+00,-156.25000000E-03
+7.82000E-06,+156.25000000E-03,+17.28125000000E+00,-0.0E+00
+7.84000E-06,+156.25000000E-03,+17.28125000000E+00,-156.25000000E-03
+7.86000E-06,+156.25000000E-03,+17.12500000000E+00,-156.25000000E-03
+7.88000E-06,+156.25000000E-03,+17.28125000000E+00,-156.25000000E-03
+7.90000E-06,+156.25000000E-03,+17.28125000000E+00,-156.25000000E-03
+7.92000E-06,+312.50000000E-03,+17.28125000000E+00,-156.25000000E-03
+7.94000E-06,+156.25000000E-03,+17.28125000000E+00,-0.0E+00
+7.96000E-06,+156.25000000E-03,+17.28125000000E+00,-156.25000000E-03
+7.98000E-06,+156.25000000E-03,+17.28125000000E+00,-0.0E+00
+8.00000E-06,+156.25000000E-03,+17.28125000000E+00,+0.0E+00
+8.02000E-06,+156.25000000E-03,+17.28125000000E+00,+0.0E+00
+8.04000E-06,+156.25000000E-03,+17.28125000000E+00,-156.25000000E-03
+8.06000E-06,+156.25000000E-03,+17.28125000000E+00,-0.0E+00
+8.08000E-06,+312.50000000E-03,+17.28125000000E+00,-156.25000000E-03
+8.10000E-06,+156.25000000E-03,+17.28125000000E+00,-0.0E+00
+8.12000E-06,+156.25000000E-03,+17.28125000000E+00,-156.25000000E-03
+8.14000E-06,+156.25000000E-03,+17.28125000000E+00,-156.25000000E-03
+8.16000E-06,+156.25000000E-03,+17.28125000000E+00,-156.25000000E-03
+8.18000E-06,+156.25000000E-03,+17.28125000000E+00,-0.0E+00
+8.20000E-06,+156.25000000E-03,+17.28125000000E+00,-156.25000000E-03
+8.22000E-06,+156.25000000E-03,+17.28125000000E+00,-156.25000000E-03
+8.24000E-06,+312.50000000E-03,+17.43750000000E+00,-156.25000000E-03
+8.26000E-06,+156.25000000E-03,+17.12500000000E+00,-0.0E+00
+8.28000E-06,+156.25000000E-03,+17.28125000000E+00,-156.25000000E-03
+8.30000E-06,+156.25000000E-03,+17.28125000000E+00,+468.75000000E-03
+8.32000E-06,+156.25000000E-03,+17.43750000000E+00,+4.06249999999E+00
+8.34000E-06,+156.25000000E-03,+17.28125000000E+00,+4.68750000000E+00
+8.36000E-06,+156.25000000E-03,+17.28125000000E+00,+4.84375000000E+00
+8.38000E-06,+156.25000000E-03,+16.96875000000E+00,+4.68750000000E+00
+8.40000E-06,+156.25000000E-03,+16.65625000000E+00,+4.84375000000E+00
+8.42000E-06,+156.25000000E-03,+16.03125000000E+00,+4.68750000000E+00
+8.44000E-06,+156.25000000E-03,+15.56250000000E+00,+4.84375000000E+00
+8.46000E-06,+156.25000000E-03,+14.78125000000E+00,+4.68750000000E+00
+8.48000E-06,+312.50000000E-03,+14.15625000000E+00,+4.68750000000E+00
+8.50000E-06,+156.25000000E-03,+13.53125000000E+00,+4.68750000000E+00
+8.52000E-06,+156.25000000E-03,+12.75000000000E+00,+4.68750000000E+00
+8.54000E-06,+0.0E+00,+12.28125000000E+00,+4.68750000000E+00
+8.56000E-06,+312.50000000E-03,+11.65625000000E+00,+4.68750000000E+00
+8.58000E-06,+156.25000000E-03,+11.03125000000E+00,+4.68750000000E+00
+8.60000E-06,+312.50000000E-03,+10.56250000000E+00,+4.68750000000E+00
+8.62000E-06,+156.25000000E-03,+9.93750000000E+00,+4.68750000000E+00
+8.64000E-06,+312.50000000E-03,+9.46875000000E+00,+4.68750000000E+00
+8.66000E-06,+0.0E+00,+9.00000000000E+00,+4.68750000000E+00
+8.68000E-06,+312.50000000E-03,+8.53125000000E+00,+4.84375000000E+00
+8.70000E-06,+156.25000000E-03,+8.21875000000E+00,+4.68750000000E+00
+8.72000E-06,+156.25000000E-03,+7.75000000000E+00,+4.68750000000E+00
+8.74000E-06,+156.25000000E-03,+7.59375000000E+00,+4.68750000000E+00
+8.76000E-06,+312.50000000E-03,+7.12500000000E+00,+4.84375000000E+00
+8.78000E-06,+156.25000000E-03,+6.65625000000E+00,+4.68750000000E+00
+8.80000E-06,+312.50000000E-03,+6.50000000000E+00,+4.84375000000E+00
+8.82000E-06,+156.25000000E-03,+6.18750000000E+00,+4.68750000000E+00
+8.84000E-06,+156.25000000E-03,+5.87500000000E+00,+4.84375000000E+00
+8.86000E-06,+156.25000000E-03,+5.56250000000E+00,+4.84375000000E+00
+8.88000E-06,+156.25000000E-03,+5.25000000000E+00,+4.84375000000E+00
+8.90000E-06,+156.25000000E-03,+4.93750000000E+00,+4.68750000000E+00
+8.92000E-06,+156.25000000E-03,+4.78125000000E+00,+4.84375000000E+00
+8.94000E-06,+156.25000000E-03,+4.62500000000E+00,+4.84375000000E+00
+8.96000E-06,+312.50000000E-03,+4.46875000000E+00,+5.00000000000E+00
+8.98000E-06,+156.25000000E-03,+4.15625000000E+00,+4.68750000000E+00
+9.00000E-06,+312.50000000E-03,+4.00000000000E+00,+4.68750000000E+00
+9.02000E-06,+156.25000000E-03,+3.84375000000E+00,+4.68750000000E+00
+9.04000E-06,+468.75000000E-03,+3.84375000000E+00,+4.84375000000E+00
+9.06000E-06,+468.75000000E-03,+3.68750000000E+00,+4.68750000000E+00
+9.08000E-06,+937.50000000E-03,+3.68750000000E+00,+4.84375000000E+00
+9.10000E-06,+1.09375000000E+00,+3.68750000000E+00,+4.68750000000E+00
+9.12000E-06,+1.56250000000E+00,+3.68750000000E+00,+4.84375000000E+00
+9.14000E-06,+1.71875000000E+00,+3.68750000000E+00,+4.68750000000E+00
+9.16000E-06,+2.18750000000E+00,+3.68750000000E+00,+4.84375000000E+00
+9.18000E-06,+2.50000000000E+00,+3.68750000000E+00,+4.84375000000E+00
+9.20000E-06,+2.96875000000E+00,+3.68750000000E+00,+4.68750000000E+00
+9.22000E-06,+3.28125000000E+00,+3.84375000000E+00,+4.68750000000E+00
+9.24000E-06,+3.75000000000E+00,+3.68750000000E+00,+4.68750000000E+00
+9.26000E-06,+4.37500000000E+00,+3.68750000000E+00,+4.68750000000E+00
+9.28000E-06,+5.15625000000E+00,+3.68750000000E+00,+4.68750000000E+00
+9.30000E-06,+6.25000000000E+00,+3.53125000000E+00,+4.68750000000E+00
+9.32000E-06,+7.81250000000E+00,+3.68750000000E+00,+4.84375000000E+00
+9.34000E-06,+9.84374999999E+00,+3.84375000000E+00,+4.68750000000E+00
+9.36000E-06,+13.74999999999E+00,+3.53125000000E+00,+4.68750000000E+00
+9.38000E-06,+21.71874999998E+00,+3.53125000000E+00,+4.68750000000E+00
+9.40000E-06,+29.06249999998E+00,+3.37500000000E+00,+4.84375000000E+00
+9.42000E-06,+29.53125000000E+00,+3.21875000000E+00,+4.84375000000E+00
+9.44000E-06,+29.06250000000E+00,+2.90625000000E+00,+4.68750000000E+00
+9.46000E-06,+28.75000000000E+00,+2.75000000000E+00,+4.68750000000E+00
+9.48000E-06,+28.75000000000E+00,+2.59375000000E+00,+4.68750000000E+00
+9.50000E-06,+28.75000000000E+00,+2.28125000000E+00,+4.68750000000E+00
+9.52000E-06,+28.75000000000E+00,+2.12500000000E+00,+4.84375000000E+00
+9.54000E-06,+28.59375000000E+00,+2.12500000000E+00,+4.68750000000E+00
+9.56000E-06,+28.75000000000E+00,+1.96875000000E+00,+4.68750000000E+00
+9.58000E-06,+28.59375000000E+00,+1.81250000000E+00,+4.68750000000E+00
+9.60000E-06,+28.59375000000E+00,+1.65625000000E+00,+4.68750000000E+00
+9.62000E-06,+28.59375000000E+00,+1.50000000000E+00,+4.68750000000E+00
+9.64000E-06,+28.75000000000E+00,+1.50000000000E+00,+4.84375000000E+00
+9.66000E-06,+28.59375000000E+00,+1.34375000000E+00,+4.68750000000E+00
+9.68000E-06,+28.59375000000E+00,+1.50000000000E+00,+4.68750000000E+00
+9.70000E-06,+28.43750000000E+00,+1.34375000000E+00,+4.68750000000E+00
+9.72000E-06,+28.59375000000E+00,+1.34375000000E+00,+4.84375000000E+00
+9.74000E-06,+28.59375000000E+00,+1.18750000000E+00,+4.68750000000E+00
+9.76000E-06,+28.59375000000E+00,+1.18750000000E+00,+4.84375000000E+00
+9.78000E-06,+28.59375000000E+00,+1.18750000000E+00,+4.68750000000E+00
+9.80000E-06,+28.75000000000E+00,+1.18750000000E+00,+4.84375000000E+00
+9.82000E-06,+28.59375000000E+00,+875.00000000E-03,+4.68750000000E+00
+9.84000E-06,+28.59375000000E+00,+1.03125000000E+00,+4.68750000000E+00
+9.86000E-06,+28.43750000000E+00,+875.00000000E-03,+4.84375000000E+00
+9.88000E-06,+28.59375000000E+00,+1.03125000000E+00,+4.68750000000E+00
+9.90000E-06,+28.59375000000E+00,+875.00000000E-03,+4.68750000000E+00
+9.92000E-06,+28.59375000000E+00,+1.03125000000E+00,+4.68750000000E+00
+9.94000E-06,+28.59375000000E+00,+875.00000000E-03,+4.68750000000E+00
+9.96000E-06,+28.59375000000E+00,+875.00000000E-03,+4.84375000000E+00
+9.98000E-06,+28.43750000000E+00,+875.00000000E-03,+4.68750000000E+00
+10.00000E-06,+28.59375000000E+00,+718.75000000E-03,+4.84375000000E+00
+10.02000E-06,+28.43750000000E+00,+875.00000000E-03,+4.68750000000E+00
+10.04000E-06,+28.59375000000E+00,+875.00000000E-03,+4.84375000000E+00
+10.06000E-06,+28.59375000000E+00,+718.75000000E-03,+4.68750000000E+00
+10.08000E-06,+28.59375000000E+00,+875.00000000E-03,+4.84375000000E+00
+10.10000E-06,+28.43750000000E+00,+875.00000000E-03,+4.68750000000E+00
+10.12000E-06,+28.59375000000E+00,+875.00000000E-03,+4.68750000000E+00
+10.14000E-06,+28.43750000000E+00,+718.75000000E-03,+4.68750000000E+00
+10.16000E-06,+28.59375000000E+00,+718.75000000E-03,+4.68750000000E+00
+10.18000E-06,+28.43750000000E+00,+718.75000000E-03,+4.68750000000E+00
+10.20000E-06,+28.59375000000E+00,+718.75000000E-03,+4.84375000000E+00
+10.22000E-06,+28.43750000000E+00,+718.75000000E-03,+4.68750000000E+00
+10.24000E-06,+28.43750000000E+00,+718.75000000E-03,+4.84375000000E+00
+10.26000E-06,+28.43750000000E+00,+718.75000000E-03,+4.68750000000E+00
+10.28000E-06,+28.43750000000E+00,+718.75000000E-03,+4.84375000000E+00
+10.30000E-06,+28.43750000000E+00,+718.75000000E-03,+4.68750000000E+00
+10.32000E-06,+28.43750000000E+00,+718.75000000E-03,+4.68750000000E+00
+10.34000E-06,+28.43750000000E+00,+718.75000000E-03,+4.68750000000E+00
+10.36000E-06,+28.43750000000E+00,+718.75000000E-03,+4.84375000000E+00
+10.38000E-06,+28.28125000000E+00,+718.75000000E-03,+4.68750000000E+00
+10.40000E-06,+28.43750000000E+00,+718.75000000E-03,+4.68750000000E+00
+10.42000E-06,+28.43750000000E+00,+718.75000000E-03,+4.68750000000E+00
+10.44000E-06,+28.43750000000E+00,+718.75000000E-03,+4.84375000000E+00
+10.46000E-06,+28.28125000000E+00,+718.75000000E-03,+4.68750000000E+00
+10.48000E-06,+28.59375000000E+00,+718.75000000E-03,+4.84375000000E+00
+10.50000E-06,+28.43750000000E+00,+718.75000000E-03,+4.68750000000E+00
+10.52000E-06,+28.43750000000E+00,+562.50000000E-03,+4.68750000000E+00
+10.54000E-06,+28.43750000000E+00,+718.75000000E-03,+4.68750000000E+00
+10.56000E-06,+28.43750000000E+00,+562.50000000E-03,+4.84375000000E+00
+10.58000E-06,+28.28125000000E+00,+718.75000000E-03,+4.68750000000E+00
+10.60000E-06,+28.43750000000E+00,+718.75000000E-03,+4.68750000000E+00
+10.62000E-06,+28.43750000000E+00,+718.75000000E-03,+4.68750000000E+00
+10.64000E-06,+28.43750000000E+00,+718.75000000E-03,+4.68750000000E+00
+10.66000E-06,+28.28125000000E+00,+562.50000000E-03,+4.68750000000E+00
+10.68000E-06,+28.43750000000E+00,+718.75000000E-03,+4.68750000000E+00
+10.70000E-06,+28.43750000000E+00,+562.50000000E-03,+4.68750000000E+00
+10.72000E-06,+28.43750000000E+00,+718.75000000E-03,+4.68750000000E+00
+10.74000E-06,+28.43750000000E+00,+718.75000000E-03,+4.68750000000E+00
+10.76000E-06,+28.43750000000E+00,+718.75000000E-03,+4.68750000000E+00
+10.78000E-06,+28.28125000000E+00,+562.50000000E-03,+4.68750000000E+00
+10.80000E-06,+28.28125000000E+00,+718.75000000E-03,+4.84375000000E+00
+10.82000E-06,+28.28125000000E+00,+718.75000000E-03,+4.68750000000E+00
+10.84000E-06,+28.43750000000E+00,+718.75000000E-03,+4.68750000000E+00
+10.86000E-06,+28.28125000000E+00,+718.75000000E-03,+4.68750000000E+00
+10.88000E-06,+28.43750000000E+00,+562.50000000E-03,+4.84375000000E+00
+10.90000E-06,+28.28125000000E+00,+562.50000000E-03,+4.84375000000E+00
+10.92000E-06,+28.28125000000E+00,+718.75000000E-03,+4.68750000000E+00
+10.94000E-06,+28.28125000000E+00,+562.50000000E-03,+4.68750000000E+00
+10.96000E-06,+28.28125000000E+00,+718.75000000E-03,+4.68750000000E+00
+10.98000E-06,+28.28125000000E+00,+718.75000000E-03,+4.68750000000E+00
+11.00000E-06,+28.28125000000E+00,+562.50000000E-03,+4.68750000000E+00
+11.02000E-06,+28.28125000000E+00,+562.50000000E-03,+4.68750000000E+00
+11.04000E-06,+28.28125000000E+00,+562.50000000E-03,+4.68750000000E+00
+11.06000E-06,+28.28125000000E+00,+718.75000000E-03,+4.68750000000E+00
+11.08000E-06,+28.28125000000E+00,+718.75000000E-03,+4.84375000000E+00
+11.10000E-06,+28.28125000000E+00,+718.75000000E-03,+4.68750000000E+00
+11.12000E-06,+28.43750000000E+00,+718.75000000E-03,+4.68750000000E+00
+11.14000E-06,+28.28125000000E+00,+718.75000000E-03,+4.68750000000E+00
+11.16000E-06,+28.43750000000E+00,+562.50000000E-03,+4.68750000000E+00
+11.18000E-06,+28.28125000000E+00,+562.50000000E-03,+4.68750000000E+00
+11.20000E-06,+28.28125000000E+00,+718.75000000E-03,+4.84375000000E+00
+11.22000E-06,+28.12500000000E+00,+562.50000000E-03,+4.68750000000E+00
+11.24000E-06,+28.12500000000E+00,+562.50000000E-03,+4.68750000000E+00
+11.26000E-06,+28.12500000000E+00,+562.50000000E-03,+4.68750000000E+00
+11.28000E-06,+28.28125000000E+00,+718.75000000E-03,+4.68750000000E+00
+11.30000E-06,+28.28125000000E+00,+406.25000000E-03,+4.68750000000E+00
+11.32000E-06,+28.12500000000E+00,+718.75000000E-03,+4.68750000000E+00
+11.34000E-06,+28.28125000000E+00,+718.75000000E-03,+4.68750000000E+00
+11.36000E-06,+28.28125000000E+00,+562.50000000E-03,+4.68750000000E+00
+11.38000E-06,+28.12500000000E+00,+718.75000000E-03,+4.68750000000E+00
+11.40000E-06,+28.28125000000E+00,+718.75000000E-03,+4.68750000000E+00
+11.42000E-06,+28.12500000000E+00,+718.75000000E-03,+4.68750000000E+00
+11.44000E-06,+28.28125000000E+00,+718.75000000E-03,+4.68750000000E+00
+11.46000E-06,+28.12500000000E+00,+562.50000000E-03,+4.68750000000E+00
+11.48000E-06,+28.28125000000E+00,+718.75000000E-03,+4.68750000000E+00
+11.50000E-06,+28.28125000000E+00,+718.75000000E-03,+4.68750000000E+00
+11.52000E-06,+28.28125000000E+00,+562.50000000E-03,+4.68750000000E+00
+11.54000E-06,+28.12500000000E+00,+562.50000000E-03,+4.68750000000E+00
+11.56000E-06,+28.28125000000E+00,+718.75000000E-03,+4.84375000000E+00
+11.58000E-06,+28.12500000000E+00,+718.75000000E-03,+4.68750000000E+00
+11.60000E-06,+28.28125000000E+00,+718.75000000E-03,+4.68750000000E+00
+11.62000E-06,+28.28125000000E+00,+718.75000000E-03,+4.68750000000E+00
+11.64000E-06,+28.12500000000E+00,+875.00000000E-03,+4.84375000000E+00
+11.66000E-06,+28.12500000000E+00,+562.50000000E-03,+4.68750000000E+00
+11.68000E-06,+28.28125000000E+00,+562.50000000E-03,+4.68750000000E+00
+11.70000E-06,+28.12500000000E+00,+718.75000000E-03,+4.68750000000E+00
+11.72000E-06,+28.12500000000E+00,+718.75000000E-03,+4.68750000000E+00
+11.74000E-06,+28.12500000000E+00,+718.75000000E-03,+4.68750000000E+00
+11.76000E-06,+28.12500000000E+00,+718.75000000E-03,+4.68750000000E+00
+11.78000E-06,+28.12500000000E+00,+718.75000000E-03,+4.68750000000E+00
+11.80000E-06,+28.12500000000E+00,+562.50000000E-03,+4.68750000000E+00
+11.82000E-06,+28.12500000000E+00,+718.75000000E-03,+4.68750000000E+00
+11.84000E-06,+28.12500000000E+00,+562.50000000E-03,+4.68750000000E+00
+11.86000E-06,+28.12500000000E+00,+718.75000000E-03,+4.68750000000E+00
+11.88000E-06,+28.12500000000E+00,+718.75000000E-03,+4.84375000000E+00
+11.90000E-06,+28.12500000000E+00,+562.50000000E-03,+4.68750000000E+00
+11.92000E-06,+28.12500000000E+00,+718.75000000E-03,+4.68750000000E+00
+11.94000E-06,+28.12500000000E+00,+718.75000000E-03,+4.68750000000E+00
+11.96000E-06,+28.12500000000E+00,+718.75000000E-03,+4.68750000000E+00
+11.98000E-06,+28.12500000000E+00,+718.75000000E-03,+4.68750000000E+00
+12.00000E-06,+28.12500000000E+00,+562.50000000E-03,+4.68750000000E+00
+12.02000E-06,+28.12500000000E+00,+562.50000000E-03,+4.68750000000E+00
+12.04000E-06,+28.12500000000E+00,+562.50000000E-03,+4.68750000000E+00
+12.06000E-06,+27.96875000000E+00,+718.75000000E-03,+4.68750000000E+00
+12.08000E-06,+28.12500000000E+00,+718.75000000E-03,+4.68750000000E+00
+12.10000E-06,+28.12500000000E+00,+718.75000000E-03,+4.84375000000E+00
+12.12000E-06,+27.96875000000E+00,+562.50000000E-03,+4.68750000000E+00
+12.14000E-06,+28.12500000000E+00,+562.50000000E-03,+4.68750000000E+00
+12.16000E-06,+27.96875000000E+00,+562.50000000E-03,+4.68750000000E+00
+12.18000E-06,+28.12500000000E+00,+718.75000000E-03,+4.68750000000E+00
+12.20000E-06,+27.96875000000E+00,+406.25000000E-03,+4.68750000000E+00
+12.22000E-06,+27.96875000000E+00,+718.75000000E-03,+4.68750000000E+00
+12.24000E-06,+28.12500000000E+00,+562.50000000E-03,+4.68750000000E+00
+12.26000E-06,+28.12500000000E+00,+562.50000000E-03,+4.68750000000E+00
+12.28000E-06,+27.96875000000E+00,+718.75000000E-03,+4.68750000000E+00
+12.30000E-06,+27.81250000000E+00,+562.50000000E-03,+4.68750000000E+00
+12.32000E-06,+28.12500000000E+00,+718.75000000E-03,+4.68750000000E+00
+12.34000E-06,+28.12500000000E+00,+562.50000000E-03,+4.68750000000E+00
+12.36000E-06,+27.96875000000E+00,+562.50000000E-03,+4.68750000000E+00
+12.38000E-06,+27.96875000000E+00,+562.50000000E-03,+4.68750000000E+00
+12.40000E-06,+27.96875000000E+00,+718.75000000E-03,+4.68750000000E+00
+12.42000E-06,+28.12500000000E+00,+718.75000000E-03,+4.68750000000E+00
+12.44000E-06,+27.96875000000E+00,+718.75000000E-03,+4.68750000000E+00
+12.46000E-06,+28.12500000000E+00,+562.50000000E-03,+4.68750000000E+00
+12.48000E-06,+27.96875000000E+00,+718.75000000E-03,+4.68750000000E+00
+12.50000E-06,+27.96875000000E+00,+562.50000000E-03,+4.68750000000E+00
+12.52000E-06,+27.96875000000E+00,+562.50000000E-03,+4.68750000000E+00
+12.54000E-06,+27.96875000000E+00,+718.75000000E-03,+4.68750000000E+00
+12.56000E-06,+27.96875000000E+00,+718.75000000E-03,+4.68750000000E+00
+12.58000E-06,+27.81250000000E+00,+406.25000000E-03,+4.68750000000E+00
+12.60000E-06,+27.96875000000E+00,+562.50000000E-03,+4.68750000000E+00
+12.62000E-06,+27.96875000000E+00,+718.75000000E-03,+4.68750000000E+00
+12.64000E-06,+27.96875000000E+00,+562.50000000E-03,+4.84375000000E+00
+12.66000E-06,+27.81250000000E+00,+562.50000000E-03,+4.68750000000E+00
+12.68000E-06,+27.96875000000E+00,+562.50000000E-03,+4.68750000000E+00
+12.70000E-06,+27.81250000000E+00,+718.75000000E-03,+4.68750000000E+00
+12.72000E-06,+27.96875000000E+00,+562.50000000E-03,+4.68750000000E+00
+12.74000E-06,+27.81250000000E+00,+562.50000000E-03,+4.68750000000E+00
+12.76000E-06,+27.96875000000E+00,+562.50000000E-03,+4.68750000000E+00
+12.78000E-06,+27.81250000000E+00,+718.75000000E-03,+4.84375000000E+00
+12.80000E-06,+27.96875000000E+00,+562.50000000E-03,+4.84375000000E+00
+12.82000E-06,+27.81250000000E+00,+562.50000000E-03,+4.68750000000E+00
+12.84000E-06,+27.81250000000E+00,+562.50000000E-03,+4.68750000000E+00
+12.86000E-06,+27.96875000000E+00,+562.50000000E-03,+4.68750000000E+00
+12.88000E-06,+27.96875000000E+00,+562.50000000E-03,+4.68750000000E+00
+12.90000E-06,+27.96875000000E+00,+718.75000000E-03,+4.68750000000E+00
+12.92000E-06,+27.96875000000E+00,+562.50000000E-03,+4.68750000000E+00
+12.94000E-06,+27.96875000000E+00,+718.75000000E-03,+4.68750000000E+00
+12.96000E-06,+27.96875000000E+00,+718.75000000E-03,+4.68750000000E+00
+12.98000E-06,+27.81250000000E+00,+562.50000000E-03,+4.68750000000E+00
+13.00000E-06,+27.81250000000E+00,+718.75000000E-03,+4.68750000000E+00
+13.02000E-06,+27.81250000000E+00,+562.50000000E-03,+4.68750000000E+00
+13.04000E-06,+27.96875000000E+00,+562.50000000E-03,+4.68750000000E+00
+13.06000E-06,+27.81250000000E+00,+562.50000000E-03,+4.68750000000E+00
+13.08000E-06,+27.96875000000E+00,+562.50000000E-03,+4.68750000000E+00
+13.10000E-06,+27.96875000000E+00,+562.50000000E-03,+4.68750000000E+00
+13.12000E-06,+27.81250000000E+00,+562.50000000E-03,+4.68750000000E+00
+13.14000E-06,+27.81250000000E+00,+718.75000000E-03,+4.68750000000E+00
+13.16000E-06,+27.81250000000E+00,+562.50000000E-03,+4.68750000000E+00
+13.18000E-06,+27.81250000000E+00,+562.50000000E-03,+4.84375000000E+00
+13.20000E-06,+27.81250000000E+00,+718.75000000E-03,+4.68750000000E+00
+13.22000E-06,+27.81250000000E+00,+562.50000000E-03,+4.68750000000E+00
+13.24000E-06,+27.96875000000E+00,+562.50000000E-03,+4.68750000000E+00
+13.26000E-06,+27.81250000000E+00,+562.50000000E-03,+4.68750000000E+00
+13.28000E-06,+27.81250000000E+00,+718.75000000E-03,+4.84375000000E+00
+13.30000E-06,+27.81250000000E+00,+718.75000000E-03,+4.68750000000E+00
+13.32000E-06,+27.81250000000E+00,+562.50000000E-03,+4.68750000000E+00
+13.34000E-06,+27.81250000000E+00,+562.50000000E-03,+4.68750000000E+00
+13.36000E-06,+27.81250000000E+00,+562.50000000E-03,+4.84375000000E+00
+13.38000E-06,+27.81250000000E+00,+562.50000000E-03,+4.68750000000E+00
+13.40000E-06,+27.96875000000E+00,+718.75000000E-03,+4.84375000000E+00
+13.42000E-06,+27.81250000000E+00,+562.50000000E-03,+4.68750000000E+00
+13.44000E-06,+27.81250000000E+00,+718.75000000E-03,+4.68750000000E+00
+13.46000E-06,+27.65625000000E+00,+562.50000000E-03,+4.84375000000E+00
+13.48000E-06,+27.81250000000E+00,+718.75000000E-03,+4.68750000000E+00
+13.50000E-06,+27.81250000000E+00,+562.50000000E-03,+4.84375000000E+00
+13.52000E-06,+27.81250000000E+00,+562.50000000E-03,+4.68750000000E+00
+13.54000E-06,+27.65625000000E+00,+562.50000000E-03,+4.68750000000E+00
+13.56000E-06,+27.81250000000E+00,+718.75000000E-03,+4.84375000000E+00
+13.58000E-06,+27.81250000000E+00,+718.75000000E-03,+4.68750000000E+00
+13.60000E-06,+27.81250000000E+00,+562.50000000E-03,+4.68750000000E+00
+13.62000E-06,+27.81250000000E+00,+718.75000000E-03,+4.68750000000E+00
+13.64000E-06,+27.81250000000E+00,+562.50000000E-03,+4.68750000000E+00
+13.66000E-06,+27.65625000000E+00,+562.50000000E-03,+4.84375000000E+00
+13.68000E-06,+27.81250000000E+00,+718.75000000E-03,+4.68750000000E+00
+13.70000E-06,+27.65625000000E+00,+718.75000000E-03,+4.68750000000E+00
+13.72000E-06,+27.81250000000E+00,+718.75000000E-03,+4.84375000000E+00
+13.74000E-06,+27.65625000000E+00,+718.75000000E-03,+4.68750000000E+00
+13.76000E-06,+27.81250000000E+00,+562.50000000E-03,+4.68750000000E+00
+13.78000E-06,+27.50000000000E+00,+562.50000000E-03,+4.68750000000E+00
+13.80000E-06,+27.81250000000E+00,+562.50000000E-03,+4.68750000000E+00
+13.82000E-06,+27.65625000000E+00,+406.25000000E-03,+4.84375000000E+00
+13.84000E-06,+27.65625000000E+00,+718.75000000E-03,+4.68750000000E+00
+13.86000E-06,+27.65625000000E+00,+562.50000000E-03,+4.68750000000E+00
+13.88000E-06,+27.65625000000E+00,+562.50000000E-03,+4.68750000000E+00
+13.90000E-06,+27.65625000000E+00,+718.75000000E-03,+4.68750000000E+00
+13.92000E-06,+27.81250000000E+00,+562.50000000E-03,+4.84375000000E+00
+13.94000E-06,+27.50000000000E+00,+718.75000000E-03,+4.68750000000E+00
+13.96000E-06,+27.65625000000E+00,+562.50000000E-03,+4.68750000000E+00
+13.98000E-06,+27.50000000000E+00,+562.50000000E-03,+4.68750000000E+00
+14.00000E-06,+27.65625000000E+00,+562.50000000E-03,+4.68750000000E+00
+14.02000E-06,+27.50000000000E+00,+562.50000000E-03,+4.68750000000E+00
+14.04000E-06,+27.81250000000E+00,+562.50000000E-03,+4.68750000000E+00
+14.06000E-06,+27.50000000000E+00,+406.25000000E-03,+4.68750000000E+00
+14.08000E-06,+27.65625000000E+00,+562.50000000E-03,+4.68750000000E+00
+14.10000E-06,+27.50000000000E+00,+562.50000000E-03,+4.68750000000E+00
+14.12000E-06,+27.65625000000E+00,+562.50000000E-03,+4.68750000000E+00
+14.14000E-06,+27.50000000000E+00,+718.75000000E-03,+4.84375000000E+00
+14.16000E-06,+27.65625000000E+00,+562.50000000E-03,+4.68750000000E+00
+14.18000E-06,+27.34375000000E+00,+718.75000000E-03,+4.68750000000E+00
+14.20000E-06,+27.65625000000E+00,+562.50000000E-03,+4.84375000000E+00
+14.22000E-06,+27.50000000000E+00,+562.50000000E-03,+4.68750000000E+00
+14.24000E-06,+27.65625000000E+00,+562.50000000E-03,+4.68750000000E+00
+14.26000E-06,+27.34375000000E+00,+718.75000000E-03,+4.68750000000E+00
+14.28000E-06,+27.65625000000E+00,+718.75000000E-03,+4.68750000000E+00
+14.30000E-06,+27.50000000000E+00,+562.50000000E-03,+4.68750000000E+00
+14.32000E-06,+27.50000000000E+00,+562.50000000E-03,+4.68750000000E+00
+14.34000E-06,+27.34375000000E+00,+562.50000000E-03,+4.68750000000E+00
+14.36000E-06,+27.50000000000E+00,+562.50000000E-03,+4.84375000000E+00
+14.38000E-06,+27.34375000000E+00,+562.50000000E-03,+4.84375000000E+00
+14.40000E-06,+27.34375000000E+00,+562.50000000E-03,+4.84375000000E+00
+14.42000E-06,+27.34375000000E+00,+562.50000000E-03,+4.68750000000E+00
+14.44000E-06,+27.34375000000E+00,+562.50000000E-03,+4.68750000000E+00
+14.46000E-06,+27.03125000000E+00,+406.25000000E-03,+4.68750000000E+00
+14.48000E-06,+26.87500000000E+00,+562.50000000E-03,+4.68750000000E+00
+14.50000E-06,+26.25000000000E+00,+562.50000000E-03,+4.68750000000E+00
+14.52000E-06,+25.93750000000E+00,+562.50000000E-03,+4.68750000000E+00
+14.54000E-06,+25.15625000000E+00,+406.25000000E-03,+4.68750000000E+00
+14.56000E-06,+24.68750000000E+00,+562.50000000E-03,+4.84375000000E+00
+14.58000E-06,+23.75000000001E+00,+406.25000000E-03,+4.68750000000E+00
+14.60000E-06,+23.12500000000E+00,+562.50000000E-03,+4.68750000000E+00
+14.62000E-06,+22.18750000001E+00,+562.50000000E-03,+4.68750000000E+00
+14.64000E-06,+21.40625000000E+00,+406.25000000E-03,+4.68750000000E+00
+14.66000E-06,+20.46875000001E+00,+250.00000000E-03,+4.68750000000E+00
+14.68000E-06,+19.68750000000E+00,+406.25000000E-03,+4.68750000000E+00
+14.70000E-06,+18.59375000001E+00,+406.25000000E-03,+4.68750000000E+00
+14.72000E-06,+17.81250000000E+00,+406.25000000E-03,+4.68750000000E+00
+14.74000E-06,+16.56250000001E+00,+406.25000000E-03,+4.68750000000E+00
+14.76000E-06,+15.78125000000E+00,+406.25000000E-03,+4.68750000000E+00
+14.78000E-06,+14.84375000001E+00,+406.25000000E-03,+4.68750000000E+00
+14.80000E-06,+14.06250000000E+00,+406.25000000E-03,+4.68750000000E+00
+14.82000E-06,+13.12500000001E+00,+250.00000000E-03,+4.68750000000E+00
+14.84000E-06,+12.34375000000E+00,+250.00000000E-03,+4.68750000000E+00
+14.86000E-06,+11.25000000001E+00,+250.00000000E-03,+4.68750000000E+00
+14.88000E-06,+10.78125000000E+00,+250.00000000E-03,+4.84375000000E+00
+14.90000E-06,+9.84375000001E+00,+93.75000000E-03,+4.84375000000E+00
+14.92000E-06,+9.53125000000E+00,+93.75000000E-03,+4.68750000000E+00
+14.94000E-06,+8.59375000001E+00,+93.75000000E-03,+4.68750000000E+00
+14.96000E-06,+8.12500000000E+00,+93.75000000E-03,+4.84375000000E+00
+14.98000E-06,+7.50000000000E+00,-62.50000000E-03,+4.68750000000E+00
+15.00000E-06,+7.18750000000E+00,-62.50000000E-03,+4.84375000000E+00
+15.02000E-06,+6.56250000000E+00,-62.50000000E-03,+4.68750000000E+00
+15.04000E-06,+5.93750000000E+00,-62.50000000E-03,+4.68750000000E+00
+15.06000E-06,+5.62500000000E+00,-218.75000000E-03,+4.68750000000E+00
+15.08000E-06,+5.31250000000E+00,-218.75000000E-03,+4.68750000000E+00
+15.10000E-06,+4.84375000000E+00,-218.75000000E-03,+4.68750000000E+00
+15.12000E-06,+4.68750000000E+00,-375.00000000E-03,+4.84375000000E+00
+15.14000E-06,+4.06250000000E+00,-375.00000000E-03,+4.68750000000E+00
+15.16000E-06,+3.90625000000E+00,-375.00000000E-03,+4.68750000000E+00
+15.18000E-06,+3.59375000000E+00,-375.00000000E-03,+4.68750000000E+00
+15.20000E-06,+3.43750000000E+00,-375.00000000E-03,+4.68750000000E+00
+15.22000E-06,+2.96875000000E+00,-531.25000000E-03,+4.68750000000E+00
+15.24000E-06,+2.96875000000E+00,-531.25000000E-03,+4.68750000000E+00
+15.26000E-06,+2.65625000000E+00,-687.50000000E-03,+4.68750000000E+00
+15.28000E-06,+2.65625000000E+00,-531.25000000E-03,+4.68750000000E+00
+15.30000E-06,+2.50000000000E+00,-687.50000000E-03,+4.68750000000E+00
+15.32000E-06,+2.18750000000E+00,-531.25000000E-03,+4.68750000000E+00
+15.34000E-06,+2.03125000000E+00,-843.75000000E-03,+4.68750000000E+00
+15.36000E-06,+2.18750000000E+00,-687.50000000E-03,+4.84375000000E+00
+15.38000E-06,+1.71875000000E+00,-687.50000000E-03,+4.68750000000E+00
+15.40000E-06,+1.87500000000E+00,-531.25000000E-03,+4.84375000000E+00
+15.42000E-06,+2.03125000000E+00,-687.50000000E-03,+4.68750000000E+00
+15.44000E-06,+1.87500000000E+00,-531.25000000E-03,+4.68750000000E+00
+15.46000E-06,+1.71875000000E+00,-843.75000000E-03,+4.68750000000E+00
+15.48000E-06,+2.03125000000E+00,-531.25000000E-03,+4.84375000000E+00
+15.50000E-06,+1.71875000000E+00,-687.50000000E-03,+4.68750000000E+00
+15.52000E-06,+1.87500000000E+00,-531.25000000E-03,+4.84375000000E+00
+15.54000E-06,+1.71875000000E+00,-687.50000000E-03,+4.68750000000E+00
+15.56000E-06,+2.03125000000E+00,-687.50000000E-03,+4.68750000000E+00
+15.58000E-06,+1.87500000000E+00,-531.25000000E-03,+4.68750000000E+00
+15.60000E-06,+2.18750000000E+00,-531.25000000E-03,+4.68750000000E+00
+15.62000E-06,+2.34375000000E+00,-531.25000000E-03,+4.68750000000E+00
+15.64000E-06,+2.34375000000E+00,-375.00000000E-03,+4.68750000000E+00
+15.66000E-06,+2.50000000000E+00,-531.25000000E-03,+4.68750000000E+00
+15.68000E-06,+2.65625000000E+00,-531.25000000E-03,+4.68750000000E+00
+15.70000E-06,+2.81250000000E+00,-375.00000000E-03,+4.68750000000E+00
+15.72000E-06,+2.96875000000E+00,-375.00000000E-03,+4.68750000000E+00
+15.74000E-06,+3.28125000000E+00,-375.00000000E-03,+4.68750000000E+00
+15.76000E-06,+3.43750000000E+00,-375.00000000E-03,+4.68750000000E+00
+15.78000E-06,+3.75000000000E+00,-375.00000000E-03,+4.68750000000E+00
+15.80000E-06,+3.90625000000E+00,-218.75000000E-03,+4.84375000000E+00
+15.82000E-06,+4.21875000000E+00,-375.00000000E-03,+4.68750000000E+00
+15.84000E-06,+4.68750000000E+00,-218.75000000E-03,+4.68750000000E+00
+15.86000E-06,+4.84375000000E+00,-62.50000000E-03,+4.68750000000E+00
+15.88000E-06,+5.31250000000E+00,-62.50000000E-03,+4.68750000000E+00
+15.90000E-06,+5.78125000000E+00,-62.50000000E-03,+4.84375000000E+00
+15.92000E-06,+6.25000000000E+00,-62.50000000E-03,+4.68750000000E+00
+15.94000E-06,+6.56250000000E+00,+93.75000000E-03,+4.68750000000E+00
+15.96000E-06,+7.03125000000E+00,-62.50000000E-03,+4.68750000000E+00
+15.98000E-06,+7.65625000000E+00,+93.75000000E-03,+4.84375000000E+00
+16.00000E-06,+8.12500000000E+00,+250.00000000E-03,+4.68750000000E+00
+16.02000E-06,+8.59375000000E+00,+250.00000000E-03,+4.68750000000E+00
+16.04000E-06,+9.37500000000E+00,+250.00000000E-03,+4.84375000000E+00
+16.06000E-06,+10.00000000000E+00,+250.00000000E-03,+4.68750000000E+00
+16.08000E-06,+10.62500000000E+00,+406.25000000E-03,+4.68750000000E+00
+16.10000E-06,+11.25000000000E+00,+406.25000000E-03,+4.68750000000E+00
+16.12000E-06,+12.18749999999E+00,+406.25000000E-03,+4.68750000000E+00
+16.14000E-06,+12.81250000000E+00,+406.25000000E-03,+4.68750000000E+00
+16.16000E-06,+13.74999999999E+00,+562.50000000E-03,+4.68750000000E+00
+16.18000E-06,+14.53125000000E+00,+406.25000000E-03,+4.68750000000E+00
+16.20000E-06,+15.31250000000E+00,+562.50000000E-03,+4.84375000000E+00
+16.22000E-06,+16.09375000000E+00,+562.50000000E-03,+4.68750000000E+00
+16.24000E-06,+17.34374999999E+00,+562.50000000E-03,+4.68750000000E+00
+16.26000E-06,+17.96875000000E+00,+718.75000000E-03,+4.68750000000E+00
+16.28000E-06,+19.06249999999E+00,+718.75000000E-03,+4.68750000000E+00
+16.30000E-06,+19.68750000000E+00,+718.75000000E-03,+4.68750000000E+00
+16.32000E-06,+20.62499999999E+00,+562.50000000E-03,+4.84375000000E+00
+16.34000E-06,+21.40625000000E+00,+562.50000000E-03,+4.68750000000E+00
+16.36000E-06,+22.18750000000E+00,+718.75000000E-03,+4.68750000000E+00
+16.38000E-06,+22.81250000000E+00,+718.75000000E-03,+4.68750000000E+00
+16.40000E-06,+23.43750000000E+00,+718.75000000E-03,+4.84375000000E+00
+16.42000E-06,+24.21875000000E+00,+718.75000000E-03,+4.68750000000E+00
+16.44000E-06,+24.84375000000E+00,+718.75000000E-03,+4.68750000000E+00
+16.46000E-06,+25.15625000000E+00,+718.75000000E-03,+4.68750000000E+00
+16.48000E-06,+25.78125000000E+00,+718.75000000E-03,+4.68750000000E+00
+16.50000E-06,+25.93750000000E+00,+875.00000000E-03,+4.84375000000E+00
+16.52000E-06,+26.40625000000E+00,+718.75000000E-03,+4.68750000000E+00
+16.54000E-06,+26.56250000000E+00,+718.75000000E-03,+4.84375000000E+00
+16.56000E-06,+26.71875000000E+00,+875.00000000E-03,+4.84375000000E+00
+16.58000E-06,+26.87500000000E+00,+718.75000000E-03,+4.84375000000E+00
+16.60000E-06,+26.87500000000E+00,+875.00000000E-03,+4.68750000000E+00
+16.62000E-06,+26.87500000000E+00,+718.75000000E-03,+4.68750000000E+00
+16.64000E-06,+26.87500000000E+00,+875.00000000E-03,+4.68750000000E+00
+16.66000E-06,+26.56250000000E+00,+718.75000000E-03,+2.65625000001E+00
+16.68000E-06,+26.40625000000E+00,+875.00000000E-03,+312.50000001E-03
+16.70000E-06,+25.93750000000E+00,+718.75000000E-03,-156.25000000E-03
+16.72000E-06,+25.78125000000E+00,+718.75000000E-03,-156.25000000E-03
+16.74000E-06,+25.15625000000E+00,+718.75000000E-03,-312.50000000E-03
+16.76000E-06,+24.68750000000E+00,+718.75000000E-03,-156.25000000E-03
+16.78000E-06,+24.06250000000E+00,+718.75000000E-03,-156.25000000E-03
+16.80000E-06,+23.59375000000E+00,+875.00000000E-03,-156.25000000E-03
+16.82000E-06,+22.81250000001E+00,+562.50000000E-03,-156.25000000E-03
+16.84000E-06,+22.18750000000E+00,+562.50000000E-03,-156.25000000E-03
+16.86000E-06,+21.40625000001E+00,+406.25000000E-03,-156.25000000E-03
+16.88000E-06,+20.93750000000E+00,+718.75000000E-03,-156.25000000E-03
+16.90000E-06,+20.00000000001E+00,+562.50000000E-03,-156.25000000E-03
+16.92000E-06,+19.21875000001E+00,+562.50000000E-03,-156.25000000E-03
+16.94000E-06,+18.28125000001E+00,+562.50000000E-03,-0.0E+00
+16.96000E-06,+17.50000000001E+00,+562.50000000E-03,+0.0E+00
+16.98000E-06,+16.56250000001E+00,+406.25000000E-03,+0.0E+00
+17.00000E-06,+15.78125000001E+00,+562.50000000E-03,-156.25000000E-03
+17.02000E-06,+15.00000000001E+00,+406.25000000E-03,-0.0E+00
+17.04000E-06,+14.21875000001E+00,+406.25000000E-03,-156.25000000E-03
+17.06000E-06,+13.28125000001E+00,+406.25000000E-03,-156.25000000E-03
+17.08000E-06,+12.65625000000E+00,+250.00000000E-03,-156.25000000E-03
+17.10000E-06,+12.03125000000E+00,+250.00000000E-03,-156.25000000E-03
+17.12000E-06,+11.40625000000E+00,+406.25000000E-03,-312.50000000E-03
+17.14000E-06,+10.46875000001E+00,+250.00000000E-03,-156.25000000E-03
+17.16000E-06,+10.00000000000E+00,+250.00000000E-03,-156.25000000E-03
+17.18000E-06,+9.37500000000E+00,+250.00000000E-03,-0.0E+00
+17.20000E-06,+8.75000000000E+00,+250.00000000E-03,-156.25000000E-03
+17.22000E-06,+8.28125000000E+00,+93.75000000E-03,-156.25000000E-03
+17.24000E-06,+7.81250000000E+00,+250.00000000E-03,-156.25000000E-03
+17.26000E-06,+7.34375000000E+00,+93.75000000E-03,-156.25000000E-03
+17.28000E-06,+6.87500000000E+00,+93.75000000E-03,-156.25000000E-03
+17.30000E-06,+6.25000000000E+00,-62.50000000E-03,-156.25000000E-03
+17.32000E-06,+6.25000000000E+00,-62.50000000E-03,-156.25000000E-03
+17.34000E-06,+5.62500000000E+00,-62.50000000E-03,-156.25000000E-03
+17.36000E-06,+5.46875000000E+00,-62.50000000E-03,-156.25000000E-03
+17.38000E-06,+5.00000000000E+00,-218.75000000E-03,-156.25000000E-03
+17.40000E-06,+4.84375000000E+00,-62.50000000E-03,-156.25000000E-03
+17.42000E-06,+4.53125000000E+00,-218.75000000E-03,-156.25000000E-03
+17.44000E-06,+4.37500000000E+00,-218.75000000E-03,-0.0E+00
+17.46000E-06,+3.90625000000E+00,-375.00000000E-03,+0.0E+00
+17.48000E-06,+3.75000000000E+00,-375.00000000E-03,+0.0E+00
+17.50000E-06,+3.59375000000E+00,-375.00000000E-03,-156.25000000E-03
+17.52000E-06,+3.59375000000E+00,-218.75000000E-03,-0.0E+00
+17.54000E-06,+3.28125000000E+00,-375.00000000E-03,-156.25000000E-03
+17.56000E-06,+3.12500000000E+00,-375.00000000E-03,-156.25000000E-03
+17.58000E-06,+2.96875000000E+00,-531.25000000E-03,-0.0E+00
+17.60000E-06,+2.96875000000E+00,-375.00000000E-03,-156.25000000E-03
+17.62000E-06,+2.81250000000E+00,-531.25000000E-03,-156.25000000E-03
+17.64000E-06,+2.81250000000E+00,-531.25000000E-03,-156.25000000E-03
+17.66000E-06,+2.81250000000E+00,-531.25000000E-03,-0.0E+00
+17.68000E-06,+2.65625000000E+00,-375.00000000E-03,-156.25000000E-03
+17.70000E-06,+2.65625000000E+00,-531.25000000E-03,-0.0E+00
+17.72000E-06,+2.65625000000E+00,-375.00000000E-03,-156.25000000E-03
+17.74000E-06,+2.81250000000E+00,-375.00000000E-03,-156.25000000E-03
+17.76000E-06,+2.96875000000E+00,-531.25000000E-03,-0.0E+00
+17.78000E-06,+2.81250000000E+00,-531.25000000E-03,+0.0E+00
+17.80000E-06,+2.81250000000E+00,-375.00000000E-03,-156.25000000E-03
+17.82000E-06,+2.81250000000E+00,-375.00000000E-03,-156.25000000E-03
+17.84000E-06,+3.12500000000E+00,-375.00000000E-03,-156.25000000E-03
+17.86000E-06,+2.96875000000E+00,-375.00000000E-03,-156.25000000E-03
+17.88000E-06,+3.28125000000E+00,-218.75000000E-03,-156.25000000E-03
+17.90000E-06,+3.43750000000E+00,-375.00000000E-03,-0.0E+00
+17.92000E-06,+3.59375000000E+00,-375.00000000E-03,-156.25000000E-03
+17.94000E-06,+3.75000000000E+00,-218.75000000E-03,-156.25000000E-03
+17.96000E-06,+3.90625000000E+00,-218.75000000E-03,-156.25000000E-03
+17.98000E-06,+4.06250000000E+00,-62.50000000E-03,-0.0E+00
+18.00000E-06,+4.37500000000E+00,-218.75000000E-03,-156.25000000E-03
+18.02000E-06,+4.53125000000E+00,-218.75000000E-03,-0.0E+00
+18.04000E-06,+4.84375000000E+00,-62.50000000E-03,+0.0E+00
+18.06000E-06,+5.00000000000E+00,-62.50000000E-03,-156.25000000E-03
+18.08000E-06,+5.62500000000E+00,-62.50000000E-03,-0.0E+00
+18.10000E-06,+5.93750000000E+00,-62.50000000E-03,+0.0E+00
+18.12000E-06,+6.25000000000E+00,+93.75000000E-03,-156.25000000E-03
+18.14000E-06,+6.56250000000E+00,+93.75000000E-03,-0.0E+00
+18.16000E-06,+7.03125000000E+00,+93.75000000E-03,-156.25000000E-03
+18.18000E-06,+7.65625000000E+00,+93.75000000E-03,-0.0E+00
+18.20000E-06,+7.96875000000E+00,+250.00000000E-03,-156.25000000E-03
+18.22000E-06,+8.43750000000E+00,+250.00000000E-03,-156.25000000E-03
+18.24000E-06,+8.90625000000E+00,+250.00000000E-03,-0.0E+00
+18.26000E-06,+9.37500000000E+00,+250.00000000E-03,-156.25000000E-03
+18.28000E-06,+10.00000000000E+00,+406.25000000E-03,-156.25000000E-03
+18.30000E-06,+10.46875000000E+00,+250.00000000E-03,-0.0E+00
+18.32000E-06,+11.24999999999E+00,+250.00000000E-03,+0.0E+00
+18.34000E-06,+11.87500000000E+00,+406.25000000E-03,+0.0E+00
+18.36000E-06,+12.65624999999E+00,+406.25000000E-03,-156.25000000E-03
+18.38000E-06,+13.43749999999E+00,+406.25000000E-03,-0.0E+00
+18.40000E-06,+14.06250000000E+00,+562.50000000E-03,-156.25000000E-03
+18.42000E-06,+14.68750000000E+00,+562.50000000E-03,-156.25000000E-03
+18.44000E-06,+15.78124999999E+00,+562.50000000E-03,-156.25000000E-03
+18.46000E-06,+16.25000000000E+00,+562.50000000E-03,-312.50000000E-03
+18.48000E-06,+17.03124999999E+00,+562.50000000E-03,-156.25000000E-03
+18.50000E-06,+17.81249999999E+00,+562.50000000E-03,-0.0E+00
+18.52000E-06,+18.59374999999E+00,+718.75000000E-03,-156.25000000E-03
+18.54000E-06,+19.21875000000E+00,+562.50000000E-03,-0.0E+00
+18.56000E-06,+19.99999999999E+00,+718.75000000E-03,+0.0E+00
+18.58000E-06,+20.62500000000E+00,+718.75000000E-03,+0.0E+00
+18.60000E-06,+21.40624999999E+00,+718.75000000E-03,-156.25000000E-03
+18.62000E-06,+21.87500000000E+00,+718.75000000E-03,-156.25000000E-03
+18.64000E-06,+22.65624999999E+00,+718.75000000E-03,-0.0E+00
+18.66000E-06,+22.81250000000E+00,+718.75000000E-03,-156.25000000E-03
+18.68000E-06,+23.43750000000E+00,+562.50000000E-03,-156.25000000E-03
+18.70000E-06,+23.75000000000E+00,+562.50000000E-03,-156.25000000E-03
+18.72000E-06,+24.37500000000E+00,+875.00000000E-03,-0.0E+00
+18.74000E-06,+24.53125000000E+00,+875.00000000E-03,+0.0E+00
+18.76000E-06,+24.84375000000E+00,+875.00000000E-03,-156.25000000E-03
+18.78000E-06,+24.84375000000E+00,+875.00000000E-03,-156.25000000E-03
+18.80000E-06,+25.15625000000E+00,+1.18750000000E+00,-156.25000000E-03
+18.82000E-06,+25.15625000000E+00,+1.34375000000E+00,-0.0E+00
+18.84000E-06,+25.15625000000E+00,+1.81250000000E+00,-156.25000000E-03
+18.86000E-06,+25.15625000000E+00,+1.96875000000E+00,-0.0E+00
+18.88000E-06,+25.15625000000E+00,+2.59375000000E+00,-156.25000000E-03
+18.90000E-06,+25.00000000000E+00,+2.90625000000E+00,-0.0E+00
+18.92000E-06,+23.28125000001E+00,+3.53125000000E+00,+0.0E+00
+18.94000E-06,+14.84375000006E+00,+3.84375000000E+00,-156.25000000E-03
+18.96000E-06,+8.28125000005E+00,+3.84375000000E+00,-156.25000000E-03
+18.98000E-06,+4.84375000003E+00,+3.84375000000E+00,-156.25000000E-03
+19.00000E-06,+3.12500000001E+00,+3.84375000000E+00,-156.25000000E-03
+19.02000E-06,+2.03125000001E+00,+3.84375000000E+00,-0.0E+00
+19.04000E-06,+1.25000000001E+00,+3.84375000000E+00,+0.0E+00
+19.06000E-06,+156.25000001E-03,+4.00000000000E+00,+0.0E+00
+19.08000E-06,+156.25000000E-03,+4.31250000000E+00,+0.0E+00
+19.10000E-06,+0.0E+00,+4.78125000000E+00,-156.25000000E-03
+19.12000E-06,+156.25000000E-03,+5.25000000000E+00,-156.25000000E-03
+19.14000E-06,+156.25000000E-03,+5.71875000000E+00,-0.0E+00
+19.16000E-06,+0.0E+00,+6.34375000000E+00,-156.25000000E-03
+19.18000E-06,+0.0E+00,+6.81250000000E+00,-156.25000000E-03
+19.20000E-06,+0.0E+00,+7.43750000000E+00,-156.25000000E-03
+19.22000E-06,+0.0E+00,+7.75000000000E+00,-156.25000000E-03
+19.24000E-06,+0.0E+00,+8.21875000000E+00,-156.25000000E-03
+19.26000E-06,+0.0E+00,+8.53125000000E+00,-156.25000000E-03
+19.28000E-06,+0.0E+00,+9.00000000000E+00,-156.25000000E-03
+19.30000E-06,+0.0E+00,+9.31250000000E+00,-156.25000000E-03
+19.32000E-06,+0.0E+00,+9.78125000000E+00,-156.25000000E-03
+19.34000E-06,+0.0E+00,+10.09375000000E+00,-0.0E+00
+19.36000E-06,+156.25000000E-03,+10.56250000000E+00,-156.25000000E-03
+19.38000E-06,+156.25000000E-03,+10.87500000000E+00,-156.25000000E-03
+19.40000E-06,+0.0E+00,+11.18750000000E+00,-156.25000000E-03
+19.42000E-06,+156.25000000E-03,+11.50000000000E+00,-156.25000000E-03
+19.44000E-06,+0.0E+00,+11.81250000000E+00,-156.25000000E-03
+19.46000E-06,+0.0E+00,+11.96875000000E+00,-156.25000000E-03
+19.48000E-06,+0.0E+00,+12.43750000000E+00,-156.25000000E-03
+19.50000E-06,+0.0E+00,+12.59375000000E+00,-156.25000000E-03
+19.52000E-06,+0.0E+00,+13.06250000000E+00,-156.25000000E-03
+19.54000E-06,+0.0E+00,+13.06250000000E+00,-156.25000000E-03
+19.56000E-06,+0.0E+00,+13.37500000000E+00,-0.0E+00
+19.58000E-06,+156.25000000E-03,+13.53125000000E+00,+0.0E+00
+19.60000E-06,+156.25000000E-03,+13.84375000000E+00,-156.25000000E-03
+19.62000E-06,+156.25000000E-03,+14.00000000000E+00,-0.0E+00
+19.64000E-06,+156.25000000E-03,+14.15625000000E+00,-156.25000000E-03
+19.66000E-06,+0.0E+00,+14.31250000000E+00,-0.0E+00
+19.68000E-06,+0.0E+00,+14.62500000000E+00,-156.25000000E-03
+19.70000E-06,+0.0E+00,+14.78125000000E+00,-156.25000000E-03
+19.72000E-06,+0.0E+00,+14.93750000000E+00,-0.0E+00
+19.74000E-06,+0.0E+00,+14.93750000000E+00,-156.25000000E-03
+19.76000E-06,+0.0E+00,+15.09375000000E+00,-0.0E+00
+19.78000E-06,+0.0E+00,+15.25000000000E+00,+0.0E+00
+19.80000E-06,+156.25000000E-03,+15.40625000000E+00,-156.25000000E-03
+19.82000E-06,+156.25000000E-03,+15.56250000000E+00,-0.0E+00
+19.84000E-06,+156.25000000E-03,+15.56250000000E+00,-156.25000000E-03
+19.86000E-06,+156.25000000E-03,+15.71875000000E+00,-156.25000000E-03
+19.88000E-06,+0.0E+00,+15.87500000000E+00,-0.0E+00
+19.90000E-06,+0.0E+00,+15.87500000000E+00,+0.0E+00
+19.92000E-06,+156.25000000E-03,+16.03125000000E+00,-156.25000000E-03
+19.94000E-06,+0.0E+00,+16.03125000000E+00,-156.25000000E-03
+19.96000E-06,+156.25000000E-03,+16.18750000000E+00,-156.25000000E-03
+19.98000E-06,+0.0E+00,+16.18750000000E+00,-156.25000000E-03
+20.00000E-06,+156.25000000E-03,+16.18750000000E+00,-156.25000000E-03
+20.02000E-06,+156.25000000E-03,+16.34375000000E+00,-156.25000000E-03
+20.04000E-06,+156.25000000E-03,+16.34375000000E+00,-156.25000000E-03
+20.06000E-06,+0.0E+00,+16.50000000000E+00,-0.0E+00
+20.08000E-06,+156.25000000E-03,+16.50000000000E+00,-156.25000000E-03
+20.10000E-06,+156.25000000E-03,+16.65625000000E+00,-156.25000000E-03
+20.12000E-06,+156.25000000E-03,+16.65625000000E+00,-156.25000000E-03
+20.14000E-06,+156.25000000E-03,+16.65625000000E+00,-0.0E+00
+20.16000E-06,+156.25000000E-03,+16.65625000000E+00,-156.25000000E-03
+20.18000E-06,+0.0E+00,+16.81250000000E+00,-0.0E+00
+20.20000E-06,+0.0E+00,+16.81250000000E+00,-156.25000000E-03
+20.22000E-06,+156.25000000E-03,+16.81250000000E+00,-156.25000000E-03
+20.24000E-06,+156.25000000E-03,+16.81250000000E+00,-156.25000000E-03
+20.26000E-06,+156.25000000E-03,+16.96875000000E+00,-0.0E+00
+20.28000E-06,+0.0E+00,+16.96875000000E+00,-156.25000000E-03
+20.30000E-06,+156.25000000E-03,+16.96875000000E+00,-156.25000000E-03
+20.32000E-06,+0.0E+00,+16.96875000000E+00,-156.25000000E-03
+20.34000E-06,+0.0E+00,+16.96875000000E+00,-156.25000000E-03
+20.36000E-06,+156.25000000E-03,+16.96875000000E+00,-156.25000000E-03
+20.38000E-06,+156.25000000E-03,+16.96875000000E+00,-156.25000000E-03
+20.40000E-06,+156.25000000E-03,+16.96875000000E+00,-156.25000000E-03
+20.42000E-06,+0.0E+00,+17.12500000000E+00,-156.25000000E-03
+20.44000E-06,+156.25000000E-03,+17.12500000000E+00,-156.25000000E-03
+20.46000E-06,+0.0E+00,+16.96875000000E+00,-156.25000000E-03
+20.48000E-06,+156.25000000E-03,+17.12500000000E+00,-156.25000000E-03
+20.50000E-06,+0.0E+00,+17.12500000000E+00,-156.25000000E-03
+20.52000E-06,+156.25000000E-03,+17.12500000000E+00,-0.0E+00
+20.54000E-06,+156.25000000E-03,+17.12500000000E+00,-156.25000000E-03
+20.56000E-06,+156.25000000E-03,+17.12500000000E+00,-156.25000000E-03
+20.58000E-06,+0.0E+00,+17.12500000000E+00,-156.25000000E-03
+20.60000E-06,+156.25000000E-03,+17.28125000000E+00,-156.25000000E-03
+20.62000E-06,+0.0E+00,+17.12500000000E+00,-156.25000000E-03
+20.64000E-06,+156.25000000E-03,+17.12500000000E+00,-156.25000000E-03
+20.66000E-06,+156.25000000E-03,+17.12500000000E+00,-0.0E+00
+20.68000E-06,+312.50000000E-03,+17.28125000000E+00,+0.0E+00
+20.70000E-06,+156.25000000E-03,+17.12500000000E+00,+0.0E+00
+20.72000E-06,+156.25000000E-03,+17.28125000000E+00,-156.25000000E-03
+20.74000E-06,+156.25000000E-03,+17.12500000000E+00,-156.25000000E-03
+20.76000E-06,+0.0E+00,+17.12500000000E+00,-156.25000000E-03
+20.78000E-06,+156.25000000E-03,+16.96875000000E+00,-0.0E+00
+20.80000E-06,+312.50000000E-03,+17.28125000000E+00,+0.0E+00
+20.82000E-06,+156.25000000E-03,+17.12500000000E+00,+0.0E+00
+20.84000E-06,+156.25000000E-03,+17.28125000000E+00,-156.25000000E-03
+20.86000E-06,+156.25000000E-03,+17.12500000000E+00,-156.25000000E-03
+20.88000E-06,+156.25000000E-03,+17.12500000000E+00,-156.25000000E-03
+20.90000E-06,+0.0E+00,+17.12500000000E+00,-156.25000000E-03
+20.92000E-06,+156.25000000E-03,+17.28125000000E+00,-156.25000000E-03
+20.94000E-06,+156.25000000E-03,+17.28125000000E+00,-0.0E+00
+20.96000E-06,+156.25000000E-03,+17.28125000000E+00,-156.25000000E-03
+20.98000E-06,+0.0E+00,+17.28125000000E+00,-0.0E+00
+21.00000E-06,+156.25000000E-03,+17.28125000000E+00,-156.25000000E-03
+21.02000E-06,+156.25000000E-03,+17.12500000000E+00,-0.0E+00
+21.04000E-06,+156.25000000E-03,+17.28125000000E+00,-156.25000000E-03
+21.06000E-06,+0.0E+00,+17.28125000000E+00,-156.25000000E-03
+21.08000E-06,+312.50000000E-03,+17.28125000000E+00,-156.25000000E-03
+21.10000E-06,+156.25000000E-03,+17.28125000000E+00,-156.25000000E-03
+21.12000E-06,+156.25000000E-03,+17.28125000000E+00,-0.0E+00
+21.14000E-06,+156.25000000E-03,+17.28125000000E+00,-156.25000000E-03
+21.16000E-06,+156.25000000E-03,+17.28125000000E+00,-156.25000000E-03
+21.18000E-06,+156.25000000E-03,+17.28125000000E+00,-0.0E+00
+21.20000E-06,+156.25000000E-03,+17.28125000000E+00,-156.25000000E-03
+21.22000E-06,+0.0E+00,+17.12500000000E+00,-0.0E+00
+21.24000E-06,+156.25000000E-03,+17.28125000000E+00,+0.0E+00
+21.26000E-06,+156.25000000E-03,+17.12500000000E+00,+0.0E+00
+21.28000E-06,+156.25000000E-03,+17.12500000000E+00,-156.25000000E-03
+21.30000E-06,+156.25000000E-03,+17.28125000000E+00,-156.25000000E-03
+21.32000E-06,+156.25000000E-03,+17.28125000000E+00,-156.25000000E-03
+21.34000E-06,+156.25000000E-03,+17.28125000000E+00,-0.0E+00
+21.36000E-06,+156.25000000E-03,+17.28125000000E+00,-156.25000000E-03
+21.38000E-06,+156.25000000E-03,+17.28125000000E+00,-0.0E+00
+21.40000E-06,+156.25000000E-03,+17.28125000000E+00,-156.25000000E-03
+21.42000E-06,+156.25000000E-03,+17.28125000000E+00,-0.0E+00
+21.44000E-06,+156.25000000E-03,+17.28125000000E+00,-156.25000000E-03
+21.46000E-06,+0.0E+00,+17.12500000000E+00,-0.0E+00
+21.48000E-06,+0.0E+00,+17.28125000000E+00,-156.25000000E-03
+21.50000E-06,+156.25000000E-03,+17.28125000000E+00,-0.0E+00
+21.52000E-06,+0.0E+00,+17.28125000000E+00,-156.25000000E-03
+21.54000E-06,+0.0E+00,+17.28125000000E+00,-156.25000000E-03
+21.56000E-06,+156.25000000E-03,+17.28125000000E+00,-0.0E+00
+21.58000E-06,+156.25000000E-03,+17.28125000000E+00,+0.0E+00
+21.60000E-06,+156.25000000E-03,+17.28125000000E+00,-156.25000000E-03
+21.62000E-06,+156.25000000E-03,+17.28125000000E+00,-0.0E+00
+21.64000E-06,+156.25000000E-03,+17.28125000000E+00,-156.25000000E-03
+21.66000E-06,+156.25000000E-03,+17.12500000000E+00,-0.0E+00
+21.68000E-06,+156.25000000E-03,+17.28125000000E+00,+0.0E+00
+21.70000E-06,+0.0E+00,+17.28125000000E+00,-156.25000000E-03
+21.72000E-06,+156.25000000E-03,+17.12500000000E+00,-0.0E+00
+21.74000E-06,+156.25000000E-03,+17.12500000000E+00,-156.25000000E-03
+21.76000E-06,+156.25000000E-03,+17.28125000000E+00,-156.25000000E-03
+21.78000E-06,+156.25000000E-03,+17.28125000000E+00,-156.25000000E-03
+21.80000E-06,+156.25000000E-03,+17.28125000000E+00,-0.0E+00
+21.82000E-06,+0.0E+00,+17.28125000000E+00,+0.0E+00
+21.84000E-06,+156.25000000E-03,+17.28125000000E+00,+0.0E+00
+21.86000E-06,+156.25000000E-03,+17.28125000000E+00,+0.0E+00
+21.88000E-06,+156.25000000E-03,+17.28125000000E+00,-156.25000000E-03
+21.90000E-06,+156.25000000E-03,+17.28125000000E+00,-0.0E+00
+21.92000E-06,+156.25000000E-03,+17.28125000000E+00,+0.0E+00
+21.94000E-06,+156.25000000E-03,+17.28125000000E+00,+0.0E+00
+21.96000E-06,+156.25000000E-03,+17.28125000000E+00,-156.25000000E-03
+21.98000E-06,+156.25000000E-03,+17.28125000000E+00,-0.0E+00
+22.00000E-06,+0.0E+00,+17.28125000000E+00,-156.25000000E-03
+22.02000E-06,+156.25000000E-03,+17.28125000000E+00,-0.0E+00
+22.04000E-06,+156.25000000E-03,+17.28125000000E+00,-156.25000000E-03
+22.06000E-06,+156.25000000E-03,+17.28125000000E+00,-0.0E+00
+22.08000E-06,+156.25000000E-03,+17.28125000000E+00,-156.25000000E-03
+22.10000E-06,+156.25000000E-03,+17.28125000000E+00,-156.25000000E-03
+22.12000E-06,+156.25000000E-03,+17.28125000000E+00,-156.25000000E-03
+22.14000E-06,+156.25000000E-03,+17.28125000000E+00,-156.25000000E-03
+22.16000E-06,+156.25000000E-03,+17.28125000000E+00,-156.25000000E-03
+22.18000E-06,+156.25000000E-03,+17.28125000000E+00,-0.0E+00
+22.20000E-06,+156.25000000E-03,+17.28125000000E+00,+0.0E+00
+22.22000E-06,+156.25000000E-03,+17.28125000000E+00,+0.0E+00
+22.24000E-06,+156.25000000E-03,+17.28125000000E+00,-156.25000000E-03
+22.26000E-06,+156.25000000E-03,+17.28125000000E+00,-156.25000000E-03
+22.28000E-06,+156.25000000E-03,+17.28125000000E+00,-0.0E+00
+22.30000E-06,+156.25000000E-03,+17.28125000000E+00,-156.25000000E-03
+22.32000E-06,+156.25000000E-03,+17.43750000000E+00,-0.0E+00
+22.34000E-06,+156.25000000E-03,+17.28125000000E+00,-156.25000000E-03
+22.36000E-06,+156.25000000E-03,+17.43750000000E+00,-312.50000000E-03
+22.38000E-06,+0.0E+00,+17.28125000000E+00,-0.0E+00
+22.40000E-06,+156.25000000E-03,+17.28125000000E+00,+0.0E+00
+22.42000E-06,+156.25000000E-03,+17.43750000000E+00,+0.0E+00
+22.44000E-06,+156.25000000E-03,+17.28125000000E+00,-156.25000000E-03
+22.46000E-06,+156.25000000E-03,+17.28125000000E+00,-0.0E+00
+22.48000E-06,+312.50000000E-03,+17.43750000000E+00,-156.25000000E-03
+22.50000E-06,+156.25000000E-03,+17.28125000000E+00,-0.0E+00
+22.52000E-06,+312.50000000E-03,+17.28125000000E+00,-156.25000000E-03
+22.54000E-06,+156.25000000E-03,+17.28125000000E+00,-156.25000000E-03
+22.56000E-06,+156.25000000E-03,+17.28125000000E+00,-156.25000000E-03
+22.58000E-06,+156.25000000E-03,+17.28125000000E+00,-156.25000000E-03
+22.60000E-06,+0.0E+00,+17.28125000000E+00,-156.25000000E-03
+22.62000E-06,+0.0E+00,+17.28125000000E+00,-0.0E+00
+22.64000E-06,+312.50000000E-03,+17.12500000000E+00,+0.0E+00
+22.66000E-06,+156.25000000E-03,+17.28125000000E+00,+0.0E+00
+22.68000E-06,+156.25000000E-03,+17.28125000000E+00,-156.25000000E-03
+22.70000E-06,+0.0E+00,+17.28125000000E+00,-0.0E+00
+22.72000E-06,+156.25000000E-03,+17.28125000000E+00,-156.25000000E-03
+22.74000E-06,+156.25000000E-03,+17.28125000000E+00,-156.25000000E-03
+22.76000E-06,+312.50000000E-03,+17.43750000000E+00,-156.25000000E-03
+22.78000E-06,+156.25000000E-03,+17.28125000000E+00,-0.0E+00
+22.80000E-06,+156.25000000E-03,+17.28125000000E+00,-156.25000000E-03
+22.82000E-06,+156.25000000E-03,+17.28125000000E+00,-0.0E+00
+22.84000E-06,+156.25000000E-03,+17.28125000000E+00,-156.25000000E-03
+22.86000E-06,+156.25000000E-03,+17.28125000000E+00,-156.25000000E-03
+22.88000E-06,+156.25000000E-03,+17.28125000000E+00,-156.25000000E-03
+22.90000E-06,+156.25000000E-03,+17.43750000000E+00,-0.0E+00
+22.92000E-06,+156.25000000E-03,+17.28125000000E+00,-156.25000000E-03
+22.94000E-06,+156.25000000E-03,+17.28125000000E+00,-0.0E+00
+22.96000E-06,+156.25000000E-03,+17.28125000000E+00,+0.0E+00
+22.98000E-06,+156.25000000E-03,+17.28125000000E+00,+0.0E+00
+23.00000E-06,+156.25000000E-03,+17.43750000000E+00,+0.0E+00
+23.02000E-06,+156.25000000E-03,+17.28125000000E+00,-156.25000000E-03
+23.04000E-06,+312.50000000E-03,+17.28125000000E+00,-156.25000000E-03
+23.06000E-06,+156.25000000E-03,+17.28125000000E+00,-156.25000000E-03
+23.08000E-06,+312.50000000E-03,+17.43750000000E+00,-0.0E+00
+23.10000E-06,+156.25000000E-03,+17.28125000000E+00,+0.0E+00
+23.12000E-06,+156.25000000E-03,+17.28125000000E+00,-156.25000000E-03
+23.14000E-06,+156.25000000E-03,+17.28125000000E+00,-0.0E+00
+23.16000E-06,+312.50000000E-03,+17.28125000000E+00,-156.25000000E-03
+23.18000E-06,+156.25000000E-03,+17.28125000000E+00,-0.0E+00
+23.20000E-06,+156.25000000E-03,+17.28125000000E+00,+0.0E+00
+23.22000E-06,+156.25000000E-03,+17.28125000000E+00,+0.0E+00
+23.24000E-06,+156.25000000E-03,+17.28125000000E+00,-156.25000000E-03
+23.26000E-06,+156.25000000E-03,+17.28125000000E+00,-156.25000000E-03
